field,pop_code,ind,ind_code,rep,rep_100,rep_code,height_increment
New_CG,CBI,1,CBI_01,3,103,CBI_01_R103,
New_CG,CBI,2,CBI_02,3,103,CBI_02_R103,
New_CG,CBI,3,CBI_03,3,103,CBI_03_R103,
New_CG,CBI,4,CBI_04,3,103,CBI_04_R103,
New_CG,CBI,5,CBI_05,3,103,CBI_05_R103,14
New_CG,CBI,6,CBI_06,3,103,CBI_06_R103,
New_CG,CBI,7,CBI_07,3,103,CBI_07_R103,
New_CG,CBI,8,CBI_08,3,103,CBI_08_R103,
New_CG,CBI,9,CBI_09,3,103,CBI_09_R103,
New_CG,CBI,10,CBI_10,3,103,CBI_10_R103,
New_CG,CBI,11,CBI_11,3,103,CBI_11_R103,
New_CG,CBI,12,CBI_12,3,103,CBI_12_R103,10
New_CG,CBI,13,CBI_13,3,103,CBI_13_R103,22
New_CG,CBI,14,CBI_14,3,103,CBI_14_R103,
New_CG,CBI,15,CBI_15,3,103,CBI_15_R103,
New_CG,CBI,1,CBI_01,1,101,CBI_01_R101,
New_CG,CBI,1,CBI_01,2,102,CBI_01_R102,
New_CG,CBI,1,CBI_01,4,104,CBI_01_R104,
New_CG,CBI,1,CBI_01,5,105,CBI_01_R105,
New_CG,CBI,2,CBI_02,1,101,CBI_02_R101,19
New_CG,CBI,2,CBI_02,2,102,CBI_02_R102,14
New_CG,CBI,2,CBI_02,4,104,CBI_02_R104,
New_CG,CBI,2,CBI_02,5,105,CBI_02_R105,
New_CG,CBI,3,CBI_03,1,101,CBI_03_R101,29
New_CG,CBI,3,CBI_03,2,102,CBI_03_R102,16
New_CG,CBI,3,CBI_03,4,104,CBI_03_R104,
New_CG,CBI,3,CBI_03,5,105,CBI_03_R105,
New_CG,CBI,4,CBI_04,1,101,CBI_04_R101,
New_CG,CBI,4,CBI_04,2,102,CBI_04_R102,
New_CG,CBI,4,CBI_04,4,104,CBI_04_R104,
New_CG,CBI,4,CBI_04,5,105,CBI_04_R105,
New_CG,CBI,5,CBI_05,1,101,CBI_05_R101,
New_CG,CBI,5,CBI_05,2,102,CBI_05_R102,18
New_CG,CBI,5,CBI_05,4,104,CBI_05_R104,21
New_CG,CBI,5,CBI_05,5,105,CBI_05_R105,
New_CG,CBI,6,CBI_06,1,101,CBI_06_R101,
New_CG,CBI,6,CBI_06,2,102,CBI_06_R102,
New_CG,CBI,6,CBI_06,4,104,CBI_06_R104,
New_CG,CBI,6,CBI_06,5,105,CBI_06_R105,
New_CG,CBI,7,CBI_07,1,101,CBI_07_R101,
New_CG,CBI,7,CBI_07,2,102,CBI_07_R102,
New_CG,CBI,7,CBI_07,4,104,CBI_07_R104,
New_CG,CBI,7,CBI_07,5,105,CBI_07_R105,
New_CG,CBI,8,CBI_08,1,101,CBI_08_R101,
New_CG,CBI,8,CBI_08,2,102,CBI_08_R102,16
New_CG,CBI,8,CBI_08,4,104,CBI_08_R104,
New_CG,CBI,8,CBI_08,5,105,CBI_08_R105,
New_CG,CBI,9,CBI_09,1,101,CBI_09_R101,
New_CG,CBI,9,CBI_09,2,102,CBI_09_R102,
New_CG,CBI,9,CBI_09,4,104,CBI_09_R104,
New_CG,CBI,9,CBI_09,5,105,CBI_09_R105,
New_CG,CBI,10,CBI_10,1,101,CBI_10_R101,
New_CG,CBI,10,CBI_10,2,102,CBI_10_R102,10
New_CG,CBI,10,CBI_10,4,104,CBI_10_R104,
New_CG,CBI,10,CBI_10,5,105,CBI_10_R105,
New_CG,CBI,11,CBI_11,1,101,CBI_11_R101,
New_CG,CBI,11,CBI_11,2,102,CBI_11_R102,
New_CG,CBI,11,CBI_11,4,104,CBI_11_R104,
New_CG,CBI,11,CBI_11,5,105,CBI_11_R105,
New_CG,CBI,12,CBI_12,1,101,CBI_12_R101,
New_CG,CBI,12,CBI_12,2,102,CBI_12_R102,15
New_CG,CBI,12,CBI_12,4,104,CBI_12_R104,
New_CG,CBI,12,CBI_12,5,105,CBI_12_R105,
New_CG,CBI,13,CBI_13,1,101,CBI_13_R101,
New_CG,CBI,13,CBI_13,2,102,CBI_13_R102,
New_CG,CBI,13,CBI_13,4,104,CBI_13_R104,
New_CG,CBI,13,CBI_13,5,105,CBI_13_R105,
New_CG,CBI,14,CBI_14,1,101,CBI_14_R101,
New_CG,CBI,14,CBI_14,2,102,CBI_14_R102,
New_CG,CBI,14,CBI_14,4,104,CBI_14_R104,
New_CG,CBI,14,CBI_14,5,105,CBI_14_R105,
New_CG,CBI,15,CBI_15,1,101,CBI_15_R101,20
New_CG,CBI,15,CBI_15,2,102,CBI_15_R102,
New_CG,CBI,15,CBI_15,4,104,CBI_15_R104,
New_CG,CBI,15,CBI_15,5,105,CBI_15_R105,
New_CG,CLK,1,CLK_01,3,103,CLK_01_R103,16
New_CG,CLK,1,CLK_01,4,104,CLK_01_R104,18
New_CG,CLK,1,CLK_01,5,105,CLK_01_R105,25
New_CG,CLK,2,CLK_02,3,103,CLK_02_R103,13
New_CG,CLK,2,CLK_02,4,104,CLK_02_R104,24
New_CG,CLK,2,CLK_02,5,105,CLK_02_R105,
New_CG,CLK,3,CLK_03,3,103,CLK_03_R103,30
New_CG,CLK,3,CLK_03,4,104,CLK_03_R104,29
New_CG,CLK,3,CLK_03,5,105,CLK_03_R105,
New_CG,CLK,4,CLK_04,3,103,CLK_04_R103,11
New_CG,CLK,4,CLK_04,4,104,CLK_04_R104,12
New_CG,CLK,4,CLK_04,5,105,CLK_04_R105,18
New_CG,CLK,5,CLK_05,3,103,CLK_05_R103,
New_CG,CLK,5,CLK_05,4,104,CLK_05_R104,21
New_CG,CLK,5,CLK_05,5,105,CLK_05_R105,17
New_CG,CLK,6,CLK_06,3,103,CLK_06_R103,12
New_CG,CLK,6,CLK_06,4,104,CLK_06_R104,
New_CG,CLK,6,CLK_06,5,105,CLK_06_R105,23
New_CG,CLK,7,CLK_07,3,103,CLK_07_R103,
New_CG,CLK,7,CLK_07,4,104,CLK_07_R104,3
New_CG,CLK,7,CLK_07,5,105,CLK_07_R105,27
New_CG,CLK,8,CLK_08,3,103,CLK_08_R103,
New_CG,CLK,8,CLK_08,4,104,CLK_08_R104,19
New_CG,CLK,8,CLK_08,5,105,CLK_08_R105,26
New_CG,CLK,9,CLK_09,3,103,CLK_09_R103,
New_CG,CLK,9,CLK_09,4,104,CLK_09_R104,12
New_CG,CLK,9,CLK_09,5,105,CLK_09_R105,12
New_CG,CLK,10,CLK_10,3,103,CLK_10_R103,
New_CG,CLK,10,CLK_10,4,104,CLK_10_R104,
New_CG,CLK,10,CLK_10,5,105,CLK_10_R105,8
New_CG,CLK,11,CLK_11,3,103,CLK_11_R103,17
New_CG,CLK,11,CLK_11,4,104,CLK_11_R104,15
New_CG,CLK,11,CLK_11,5,105,CLK_11_R105,
New_CG,CLK,12,CLK_12,3,103,CLK_12_R103,
New_CG,CLK,12,CLK_12,4,104,CLK_12_R104,17
New_CG,CLK,12,CLK_12,5,105,CLK_12_R105,4
New_CG,CLK,13,CLK_13,3,103,CLK_13_R103,18
New_CG,CLK,13,CLK_13,4,104,CLK_13_R104,9
New_CG,CLK,13,CLK_13,5,105,CLK_13_R105,22
New_CG,CLK,14,CLK_14,3,103,CLK_14_R103,12
New_CG,CLK,14,CLK_14,4,104,CLK_14_R104,2
New_CG,CLK,14,CLK_14,5,105,CLK_14_R105,
New_CG,CLK,15,CLK_15,3,103,CLK_15_R103,31
New_CG,CLK,15,CLK_15,4,104,CLK_15_R104,
New_CG,CLK,15,CLK_15,5,105,CLK_15_R105,21
New_CG,CLK,1,CLK_01,1,101,CLK_01_R101,23
New_CG,CLK,1,CLK_01,2,102,CLK_01_R102,
New_CG,CLK,2,CLK_02,1,101,CLK_02_R101,23
New_CG,CLK,2,CLK_02,2,102,CLK_02_R102,
New_CG,CLK,3,CLK_03,1,101,CLK_03_R101,17
New_CG,CLK,3,CLK_03,2,102,CLK_03_R102,
New_CG,CLK,4,CLK_04,1,101,CLK_04_R101,10
New_CG,CLK,4,CLK_04,2,102,CLK_04_R102,12
New_CG,CLK,5,CLK_05,1,101,CLK_05_R101,
New_CG,CLK,5,CLK_05,2,102,CLK_05_R102,19
New_CG,CLK,6,CLK_06,1,101,CLK_06_R101,20
New_CG,CLK,6,CLK_06,2,102,CLK_06_R102,24
New_CG,CLK,7,CLK_07,1,101,CLK_07_R101,
New_CG,CLK,7,CLK_07,2,102,CLK_07_R102,
New_CG,CLK,8,CLK_08,1,101,CLK_08_R101,18
New_CG,CLK,8,CLK_08,2,102,CLK_08_R102,18
New_CG,CLK,9,CLK_09,1,101,CLK_09_R101,19
New_CG,CLK,9,CLK_09,2,102,CLK_09_R102,
New_CG,CLK,10,CLK_10,1,101,CLK_10_R101,6
New_CG,CLK,10,CLK_10,2,102,CLK_10_R102,10
New_CG,CLK,11,CLK_11,1,101,CLK_11_R101,
New_CG,CLK,11,CLK_11,2,102,CLK_11_R102,
New_CG,CLK,12,CLK_12,1,101,CLK_12_R101,23
New_CG,CLK,12,CLK_12,2,102,CLK_12_R102,
New_CG,CLK,13,CLK_13,1,101,CLK_13_R101,
New_CG,CLK,13,CLK_13,2,102,CLK_13_R102,
New_CG,CLK,14,CLK_14,1,101,CLK_14_R101,
New_CG,CLK,14,CLK_14,2,102,CLK_14_R102,
New_CG,CLK,15,CLK_15,1,101,CLK_15_R101,
New_CG,CLK,15,CLK_15,2,102,CLK_15_R102,
New_CG,CPL,1,CPL_01,5,105,CPL_01_R105,
New_CG,CPL,2,CPL_02,5,105,CPL_02_R105,
New_CG,CPL,3,CPL_03,5,105,CPL_03_R105,19
New_CG,CPL,4,CPL_04,5,105,CPL_04_R105,7
New_CG,CPL,5,CPL_05,5,105,CPL_05_R105,
New_CG,CPL,6,CPL_06,5,105,CPL_06_R105,
New_CG,CPL,7,CPL_07,5,105,CPL_07_R105,31
New_CG,CPL,8,CPL_08,5,105,CPL_08_R105,11
New_CG,CPL,9,CPL_09,5,105,CPL_09_R105,
New_CG,CPL,10,CPL_10,5,105,CPL_10_R105,
New_CG,CPL,11,CPL_11,5,105,CPL_11_R105,
New_CG,CPL,12,CPL_12,5,105,CPL_12_R105,16
New_CG,CPL,13,CPL_13,5,105,CPL_13_R105,11
New_CG,CPL,14,CPL_14,5,105,CPL_14_R105,
New_CG,CPL,15,CPL_15,5,105,CPL_15_R105,
New_CG,CPL,1,CPL_01,1,101,CPL_01_R101,16
New_CG,CPL,1,CPL_01,2,102,CPL_01_R102,
New_CG,CPL,1,CPL_01,3,103,CPL_01_R103,
New_CG,CPL,1,CPL_01,4,104,CPL_01_R104,
New_CG,CPL,2,CPL_02,1,101,CPL_02_R101,18
New_CG,CPL,2,CPL_02,2,102,CPL_02_R102,
New_CG,CPL,2,CPL_02,3,103,CPL_02_R103,
New_CG,CPL,2,CPL_02,4,104,CPL_02_R104,32
New_CG,CPL,3,CPL_03,1,101,CPL_03_R101,19
New_CG,CPL,3,CPL_03,2,102,CPL_03_R102,
New_CG,CPL,3,CPL_03,3,103,CPL_03_R103,19
New_CG,CPL,3,CPL_03,4,104,CPL_03_R104,20
New_CG,CPL,4,CPL_04,1,101,CPL_04_R101,
New_CG,CPL,4,CPL_04,2,102,CPL_04_R102,
New_CG,CPL,4,CPL_04,3,103,CPL_04_R103,
New_CG,CPL,4,CPL_04,4,104,CPL_04_R104,21
New_CG,CPL,5,CPL_05,1,101,CPL_05_R101,19
New_CG,CPL,5,CPL_05,2,102,CPL_05_R102,15
New_CG,CPL,5,CPL_05,3,103,CPL_05_R103,
New_CG,CPL,5,CPL_05,4,104,CPL_05_R104,26
New_CG,CPL,6,CPL_06,1,101,CPL_06_R101,
New_CG,CPL,6,CPL_06,2,102,CPL_06_R102,
New_CG,CPL,6,CPL_06,3,103,CPL_06_R103,
New_CG,CPL,6,CPL_06,4,104,CPL_06_R104,
New_CG,CPL,7,CPL_07,1,101,CPL_07_R101,16
New_CG,CPL,7,CPL_07,2,102,CPL_07_R102,
New_CG,CPL,7,CPL_07,3,103,CPL_07_R103,
New_CG,CPL,7,CPL_07,4,104,CPL_07_R104,17
New_CG,CPL,8,CPL_08,1,101,CPL_08_R101,10
New_CG,CPL,8,CPL_08,2,102,CPL_08_R102,14
New_CG,CPL,8,CPL_08,3,103,CPL_08_R103,26
New_CG,CPL,8,CPL_08,4,104,CPL_08_R104,35
New_CG,CPL,9,CPL_09,1,101,CPL_09_R101,27
New_CG,CPL,9,CPL_09,2,102,CPL_09_R102,
New_CG,CPL,9,CPL_09,3,103,CPL_09_R103,
New_CG,CPL,9,CPL_09,4,104,CPL_09_R104,
New_CG,CPL,10,CPL_10,1,101,CPL_10_R101,25
New_CG,CPL,10,CPL_10,2,102,CPL_10_R102,
New_CG,CPL,10,CPL_10,3,103,CPL_10_R103,26
New_CG,CPL,10,CPL_10,4,104,CPL_10_R104,
New_CG,CPL,11,CPL_11,1,101,CPL_11_R101,11
New_CG,CPL,11,CPL_11,2,102,CPL_11_R102,4
New_CG,CPL,11,CPL_11,3,103,CPL_11_R103,16
New_CG,CPL,11,CPL_11,4,104,CPL_11_R104,23
New_CG,CPL,12,CPL_12,1,101,CPL_12_R101,14
New_CG,CPL,12,CPL_12,2,102,CPL_12_R102,
New_CG,CPL,12,CPL_12,3,103,CPL_12_R103,19
New_CG,CPL,12,CPL_12,4,104,CPL_12_R104,22
New_CG,CPL,13,CPL_13,1,101,CPL_13_R101,24
New_CG,CPL,13,CPL_13,2,102,CPL_13_R102,18
New_CG,CPL,13,CPL_13,3,103,CPL_13_R103,20
New_CG,CPL,13,CPL_13,4,104,CPL_13_R104,
New_CG,CPL,14,CPL_14,1,101,CPL_14_R101,
New_CG,CPL,14,CPL_14,2,102,CPL_14_R102,18
New_CG,CPL,14,CPL_14,3,103,CPL_14_R103,
New_CG,CPL,14,CPL_14,4,104,CPL_14_R104,11
New_CG,CPL,15,CPL_15,1,101,CPL_15_R101,10
New_CG,CPL,15,CPL_15,2,102,CPL_15_R102,11
New_CG,CPL,15,CPL_15,3,103,CPL_15_R103,
New_CG,CPL,15,CPL_15,4,104,CPL_15_R104,23
New_CG,FIS,1,FIS_01,3,103,FIS_01_R103,
New_CG,FIS,1,FIS_01,4,104,FIS_01_R104,
New_CG,FIS,2,FIS_02,3,103,FIS_02_R103,
New_CG,FIS,2,FIS_02,4,104,FIS_02_R104,
New_CG,FIS,3,FIS_03,3,103,FIS_03_R103,
New_CG,FIS,3,FIS_03,4,104,FIS_03_R104,
New_CG,FIS,4,FIS_04,3,103,FIS_04_R103,15
New_CG,FIS,4,FIS_04,4,104,FIS_04_R104,
New_CG,FIS,5,FIS_05,3,103,FIS_05_R103,
New_CG,FIS,5,FIS_05,4,104,FIS_05_R104,15
New_CG,FIS,6,FIS_06,3,103,FIS_06_R103,
New_CG,FIS,6,FIS_06,4,104,FIS_06_R104,
New_CG,FIS,7,FIS_07,3,103,FIS_07_R103,
New_CG,FIS,7,FIS_07,4,104,FIS_07_R104,
New_CG,FIS,8,FIS_08,3,103,FIS_08_R103,
New_CG,FIS,8,FIS_08,4,104,FIS_08_R104,
New_CG,FIS,9,FIS_09,3,103,FIS_09_R103,
New_CG,FIS,9,FIS_09,4,104,FIS_09_R104,
New_CG,FIS,10,FIS_10,3,103,FIS_10_R103,
New_CG,FIS,10,FIS_10,4,104,FIS_10_R104,
New_CG,FIS,11,FIS_11,3,103,FIS_11_R103,
New_CG,FIS,11,FIS_11,4,104,FIS_11_R104,
New_CG,FIS,12,FIS_12,3,103,FIS_12_R103,27
New_CG,FIS,12,FIS_12,4,104,FIS_12_R104,11
New_CG,FIS,13,FIS_13,3,103,FIS_13_R103,
New_CG,FIS,13,FIS_13,4,104,FIS_13_R104,
New_CG,FIS,14,FIS_14,3,103,FIS_14_R103,15
New_CG,FIS,14,FIS_14,4,104,FIS_14_R104,14
New_CG,FIS,15,FIS_15,3,103,FIS_15_R103,
New_CG,FIS,15,FIS_15,4,104,FIS_15_R104,
New_CG,FIS,1,FIS_01,1,101,FIS_01_R101,32
New_CG,FIS,1,FIS_01,2,102,FIS_01_R102,
New_CG,FIS,1,FIS_01,5,105,FIS_01_R105,
New_CG,FIS,2,FIS_02,1,101,FIS_02_R101,
New_CG,FIS,2,FIS_02,2,102,FIS_02_R102,
New_CG,FIS,2,FIS_02,5,105,FIS_02_R105,
New_CG,FIS,3,FIS_03,1,101,FIS_03_R101,
New_CG,FIS,3,FIS_03,2,102,FIS_03_R102,
New_CG,FIS,3,FIS_03,5,105,FIS_03_R105,
New_CG,FIS,4,FIS_04,1,101,FIS_04_R101,22
New_CG,FIS,4,FIS_04,2,102,FIS_04_R102,27
New_CG,FIS,4,FIS_04,5,105,FIS_04_R105,
New_CG,FIS,5,FIS_05,1,101,FIS_05_R101,28
New_CG,FIS,5,FIS_05,2,102,FIS_05_R102,19
New_CG,FIS,5,FIS_05,5,105,FIS_05_R105,24
New_CG,FIS,6,FIS_06,1,101,FIS_06_R101,44
New_CG,FIS,6,FIS_06,2,102,FIS_06_R102,
New_CG,FIS,6,FIS_06,5,105,FIS_06_R105,
New_CG,FIS,7,FIS_07,1,101,FIS_07_R101,
New_CG,FIS,7,FIS_07,2,102,FIS_07_R102,
New_CG,FIS,7,FIS_07,5,105,FIS_07_R105,
New_CG,FIS,8,FIS_08,1,101,FIS_08_R101,
New_CG,FIS,8,FIS_08,2,102,FIS_08_R102,
New_CG,FIS,8,FIS_08,5,105,FIS_08_R105,
New_CG,FIS,9,FIS_09,1,101,FIS_09_R101,
New_CG,FIS,9,FIS_09,2,102,FIS_09_R102,
New_CG,FIS,9,FIS_09,5,105,FIS_09_R105,
New_CG,FIS,10,FIS_10,1,101,FIS_10_R101,23
New_CG,FIS,10,FIS_10,2,102,FIS_10_R102,6
New_CG,FIS,10,FIS_10,5,105,FIS_10_R105,20
New_CG,FIS,11,FIS_11,1,101,FIS_11_R101,22
New_CG,FIS,11,FIS_11,2,102,FIS_11_R102,
New_CG,FIS,11,FIS_11,5,105,FIS_11_R105,
New_CG,FIS,12,FIS_12,1,101,FIS_12_R101,24
New_CG,FIS,12,FIS_12,2,102,FIS_12_R102,
New_CG,FIS,12,FIS_12,5,105,FIS_12_R105,10
New_CG,FIS,13,FIS_13,1,101,FIS_13_R101,
New_CG,FIS,13,FIS_13,2,102,FIS_13_R102,
New_CG,FIS,13,FIS_13,5,105,FIS_13_R105,
New_CG,FIS,14,FIS_14,1,101,FIS_14_R101,16
New_CG,FIS,14,FIS_14,2,102,FIS_14_R102,25
New_CG,FIS,14,FIS_14,5,105,FIS_14_R105,20
New_CG,FIS,15,FIS_15,1,101,FIS_15_R101,30
New_CG,FIS,15,FIS_15,2,102,FIS_15_R102,
New_CG,FIS,15,FIS_15,5,105,FIS_15_R105,
New_CG,FNO,1,FNO_01,1,101,FNO_01_R101,10
New_CG,FNO,1,FNO_01,2,102,FNO_01_R102,14
New_CG,FNO,1,FNO_01,3,103,FNO_01_R103,29
New_CG,FNO,1,FNO_01,4,104,FNO_01_R104,19
New_CG,FNO,1,FNO_01,5,105,FNO_01_R105,
New_CG,FNO,2,FNO_02,1,101,FNO_02_R101,19
New_CG,FNO,2,FNO_02,2,102,FNO_02_R102,21
New_CG,FNO,2,FNO_02,3,103,FNO_02_R103,
New_CG,FNO,2,FNO_02,4,104,FNO_02_R104,29
New_CG,FNO,2,FNO_02,5,105,FNO_02_R105,
New_CG,FNO,3,FNO_03,1,101,FNO_03_R101,
New_CG,FNO,3,FNO_03,2,102,FNO_03_R102,
New_CG,FNO,3,FNO_03,3,103,FNO_03_R103,
New_CG,FNO,3,FNO_03,4,104,FNO_03_R104,7
New_CG,FNO,3,FNO_03,5,105,FNO_03_R105,
New_CG,FNO,4,FNO_04,1,101,FNO_04_R101,24
New_CG,FNO,4,FNO_04,2,102,FNO_04_R102,18
New_CG,FNO,4,FNO_04,3,103,FNO_04_R103,
New_CG,FNO,4,FNO_04,4,104,FNO_04_R104,13
New_CG,FNO,4,FNO_04,5,105,FNO_04_R105,
New_CG,FNO,5,FNO_05,1,101,FNO_05_R101,19
New_CG,FNO,5,FNO_05,2,102,FNO_05_R102,19
New_CG,FNO,5,FNO_05,3,103,FNO_05_R103,18
New_CG,FNO,5,FNO_05,4,104,FNO_05_R104,
New_CG,FNO,5,FNO_05,5,105,FNO_05_R105,
New_CG,FNO,6,FNO_06,1,101,FNO_06_R101,18
New_CG,FNO,6,FNO_06,2,102,FNO_06_R102,16
New_CG,FNO,6,FNO_06,3,103,FNO_06_R103,27
New_CG,FNO,6,FNO_06,4,104,FNO_06_R104,
New_CG,FNO,6,FNO_06,5,105,FNO_06_R105,
New_CG,FNO,7,FNO_07,1,101,FNO_07_R101,28
New_CG,FNO,7,FNO_07,2,102,FNO_07_R102,10
New_CG,FNO,7,FNO_07,3,103,FNO_07_R103,
New_CG,FNO,7,FNO_07,4,104,FNO_07_R104,27
New_CG,FNO,7,FNO_07,5,105,FNO_07_R105,26
New_CG,FNO,8,FNO_08,1,101,FNO_08_R101,26
New_CG,FNO,8,FNO_08,2,102,FNO_08_R102,
New_CG,FNO,8,FNO_08,3,103,FNO_08_R103,
New_CG,FNO,8,FNO_08,4,104,FNO_08_R104,
New_CG,FNO,8,FNO_08,5,105,FNO_08_R105,
New_CG,FNO,9,FNO_09,1,101,FNO_09_R101,13
New_CG,FNO,9,FNO_09,2,102,FNO_09_R102,12
New_CG,FNO,9,FNO_09,3,103,FNO_09_R103,3
New_CG,FNO,9,FNO_09,4,104,FNO_09_R104,21
New_CG,FNO,9,FNO_09,5,105,FNO_09_R105,
New_CG,FNO,10,FNO_10,1,101,FNO_10_R101,18
New_CG,FNO,10,FNO_10,2,102,FNO_10_R102,26
New_CG,FNO,10,FNO_10,3,103,FNO_10_R103,38
New_CG,FNO,10,FNO_10,4,104,FNO_10_R104,25
New_CG,FNO,10,FNO_10,5,105,FNO_10_R105,
New_CG,FNO,11,FNO_11,1,101,FNO_11_R101,11
New_CG,FNO,11,FNO_11,2,102,FNO_11_R102,14
New_CG,FNO,11,FNO_11,3,103,FNO_11_R103,19
New_CG,FNO,11,FNO_11,4,104,FNO_11_R104,26
New_CG,FNO,11,FNO_11,5,105,FNO_11_R105,
New_CG,FNO,12,FNO_12,1,101,FNO_12_R101,16
New_CG,FNO,12,FNO_12,2,102,FNO_12_R102,11
New_CG,FNO,12,FNO_12,3,103,FNO_12_R103,
New_CG,FNO,12,FNO_12,4,104,FNO_12_R104,8
New_CG,FNO,12,FNO_12,5,105,FNO_12_R105,
New_CG,FNO,13,FNO_13,1,101,FNO_13_R101,23
New_CG,FNO,13,FNO_13,2,102,FNO_13_R102,
New_CG,FNO,13,FNO_13,3,103,FNO_13_R103,31
New_CG,FNO,13,FNO_13,4,104,FNO_13_R104,
New_CG,FNO,13,FNO_13,5,105,FNO_13_R105,
New_CG,FNO,14,FNO_14,1,101,FNO_14_R101,19
New_CG,FNO,14,FNO_14,2,102,FNO_14_R102,14
New_CG,FNO,14,FNO_14,3,103,FNO_14_R103,22
New_CG,FNO,14,FNO_14,4,104,FNO_14_R104,29
New_CG,FNO,14,FNO_14,5,105,FNO_14_R105,
New_CG,FNO,15,FNO_15,1,101,FNO_15_R101,17
New_CG,FNO,15,FNO_15,2,102,FNO_15_R102,18
New_CG,FNO,15,FNO_15,3,103,FNO_15_R103,
New_CG,FNO,15,FNO_15,4,104,FNO_15_R104,22
New_CG,FNO,15,FNO_15,5,105,FNO_15_R105,
New_CG,GAM,1,GAM_01,4,104,GAM_01_R104,
New_CG,GAM,2,GAM_02,4,104,GAM_02_R104,
New_CG,GAM,3,GAM_03,4,104,GAM_03_R104,
New_CG,GAM,4,GAM_04,4,104,GAM_04_R104,
New_CG,GAM,5,GAM_05,4,104,GAM_05_R104,
New_CG,GAM,6,GAM_06,4,104,GAM_06_R104,
New_CG,GAM,7,GAM_07,4,104,GAM_07_R104,
New_CG,GAM,8,GAM_08,4,104,GAM_08_R104,
New_CG,GAM,9,GAM_09,4,104,GAM_09_R104,
New_CG,GAM,10,GAM_10,4,104,GAM_10_R104,16
New_CG,GAM,11,GAM_11,4,104,GAM_11_R104,
New_CG,GAM,12,GAM_12,4,104,GAM_12_R104,
New_CG,GAM,13,GAM_13,4,104,GAM_13_R104,
New_CG,GAM,14,GAM_14,4,104,GAM_14_R104,
New_CG,GAM,15,GAM_15,4,104,GAM_15_R104,
New_CG,GAM,1,GAM_01,1,101,GAM_01_R101,28
New_CG,GAM,1,GAM_01,2,102,GAM_01_R102,
New_CG,GAM,1,GAM_01,3,103,GAM_01_R103,18
New_CG,GAM,1,GAM_01,5,105,GAM_01_R105,
New_CG,GAM,2,GAM_02,1,101,GAM_02_R101,17
New_CG,GAM,2,GAM_02,2,102,GAM_02_R102,16
New_CG,GAM,2,GAM_02,3,103,GAM_02_R103,
New_CG,GAM,2,GAM_02,5,105,GAM_02_R105,18
New_CG,GAM,3,GAM_03,1,101,GAM_03_R101,28
New_CG,GAM,3,GAM_03,2,102,GAM_03_R102,15
New_CG,GAM,3,GAM_03,3,103,GAM_03_R103,
New_CG,GAM,3,GAM_03,5,105,GAM_03_R105,
New_CG,GAM,4,GAM_04,1,101,GAM_04_R101,13
New_CG,GAM,4,GAM_04,2,102,GAM_04_R102,12
New_CG,GAM,4,GAM_04,3,103,GAM_04_R103,11
New_CG,GAM,4,GAM_04,5,105,GAM_04_R105,8
New_CG,GAM,5,GAM_05,1,101,GAM_05_R101,16
New_CG,GAM,5,GAM_05,2,102,GAM_05_R102,
New_CG,GAM,5,GAM_05,3,103,GAM_05_R103,15
New_CG,GAM,5,GAM_05,5,105,GAM_05_R105,24
New_CG,GAM,6,GAM_06,1,101,GAM_06_R101,21
New_CG,GAM,6,GAM_06,2,102,GAM_06_R102,20
New_CG,GAM,6,GAM_06,3,103,GAM_06_R103,
New_CG,GAM,6,GAM_06,5,105,GAM_06_R105,15
New_CG,GAM,7,GAM_07,1,101,GAM_07_R101,26
New_CG,GAM,7,GAM_07,2,102,GAM_07_R102,
New_CG,GAM,7,GAM_07,3,103,GAM_07_R103,
New_CG,GAM,7,GAM_07,5,105,GAM_07_R105,
New_CG,GAM,8,GAM_08,1,101,GAM_08_R101,31
New_CG,GAM,8,GAM_08,2,102,GAM_08_R102,24
New_CG,GAM,8,GAM_08,3,103,GAM_08_R103,
New_CG,GAM,8,GAM_08,5,105,GAM_08_R105,29
New_CG,GAM,9,GAM_09,1,101,GAM_09_R101,33
New_CG,GAM,9,GAM_09,2,102,GAM_09_R102,43
New_CG,GAM,9,GAM_09,3,103,GAM_09_R103,21
New_CG,GAM,9,GAM_09,5,105,GAM_09_R105,
New_CG,GAM,10,GAM_10,1,101,GAM_10_R101,22
New_CG,GAM,10,GAM_10,2,102,GAM_10_R102,21
New_CG,GAM,10,GAM_10,3,103,GAM_10_R103,9
New_CG,GAM,10,GAM_10,5,105,GAM_10_R105,29
New_CG,GAM,11,GAM_11,1,101,GAM_11_R101,27
New_CG,GAM,11,GAM_11,2,102,GAM_11_R102,14
New_CG,GAM,11,GAM_11,3,103,GAM_11_R103,15
New_CG,GAM,11,GAM_11,5,105,GAM_11_R105,26
New_CG,GAM,12,GAM_12,1,101,GAM_12_R101,28
New_CG,GAM,12,GAM_12,2,102,GAM_12_R102,17
New_CG,GAM,12,GAM_12,3,103,GAM_12_R103,
New_CG,GAM,12,GAM_12,5,105,GAM_12_R105,24
New_CG,GAM,13,GAM_13,1,101,GAM_13_R101,14
New_CG,GAM,13,GAM_13,2,102,GAM_13_R102,14
New_CG,GAM,13,GAM_13,3,103,GAM_13_R103,21
New_CG,GAM,13,GAM_13,5,105,GAM_13_R105,17
New_CG,GAM,14,GAM_14,1,101,GAM_14_R101,20
New_CG,GAM,14,GAM_14,2,102,GAM_14_R102,11
New_CG,GAM,14,GAM_14,3,103,GAM_14_R103,
New_CG,GAM,14,GAM_14,5,105,GAM_14_R105,27
New_CG,GAM,15,GAM_15,1,101,GAM_15_R101,19
New_CG,GAM,15,GAM_15,2,102,GAM_15_R102,14
New_CG,GAM,15,GAM_15,3,103,GAM_15_R103,
New_CG,GAM,15,GAM_15,5,105,GAM_15_R105,13
New_CG,HWK,1,HWK_01,3,103,HWK_01_R103,
New_CG,HWK,1,HWK_01,5,105,HWK_01_R105,15
New_CG,HWK,2,HWK_02,3,103,HWK_02_R103,
New_CG,HWK,2,HWK_02,5,105,HWK_02_R105,29
New_CG,HWK,3,HWK_03,3,103,HWK_03_R103,
New_CG,HWK,3,HWK_03,5,105,HWK_03_R105,
New_CG,HWK,4,HWK_04,3,103,HWK_04_R103,
New_CG,HWK,4,HWK_04,5,105,HWK_04_R105,
New_CG,HWK,5,HWK_05,3,103,HWK_05_R103,
New_CG,HWK,5,HWK_05,5,105,HWK_05_R105,
New_CG,HWK,6,HWK_06,3,103,HWK_06_R103,19
New_CG,HWK,6,HWK_06,5,105,HWK_06_R105,
New_CG,HWK,7,HWK_07,3,103,HWK_07_R103,
New_CG,HWK,7,HWK_07,5,105,HWK_07_R105,
New_CG,HWK,8,HWK_08,3,103,HWK_08_R103,
New_CG,HWK,8,HWK_08,5,105,HWK_08_R105,25
New_CG,HWK,9,HWK_09,3,103,HWK_09_R103,
New_CG,HWK,9,HWK_09,5,105,HWK_09_R105,
New_CG,HWK,10,HWK_10,3,103,HWK_10_R103,16
New_CG,HWK,10,HWK_10,5,105,HWK_10_R105,10
New_CG,HWK,11,HWK_11,3,103,HWK_11_R103,
New_CG,HWK,11,HWK_11,5,105,HWK_11_R105,
New_CG,HWK,12,HWK_12,3,103,HWK_12_R103,
New_CG,HWK,12,HWK_12,5,105,HWK_12_R105,19
New_CG,HWK,13,HWK_13,3,103,HWK_13_R103,
New_CG,HWK,13,HWK_13,5,105,HWK_13_R105,12
New_CG,HWK,14,HWK_14,3,103,HWK_14_R103,
New_CG,HWK,14,HWK_14,5,105,HWK_14_R105,
New_CG,HWK,15,HWK_15,3,103,HWK_15_R103,
New_CG,HWK,15,HWK_15,5,105,HWK_15_R105,
New_CG,HWK,1,HWK_01,1,101,HWK_01_R101,
New_CG,HWK,1,HWK_01,2,102,HWK_01_R102,17
New_CG,HWK,1,HWK_01,4,104,HWK_01_R104,11
New_CG,HWK,2,HWK_02,1,101,HWK_02_R101,
New_CG,HWK,2,HWK_02,2,102,HWK_02_R102,
New_CG,HWK,2,HWK_02,4,104,HWK_02_R104,19
New_CG,HWK,3,HWK_03,1,101,HWK_03_R101,
New_CG,HWK,3,HWK_03,2,102,HWK_03_R102,
New_CG,HWK,3,HWK_03,4,104,HWK_03_R104,
New_CG,HWK,4,HWK_04,1,101,HWK_04_R101,
New_CG,HWK,4,HWK_04,2,102,HWK_04_R102,8
New_CG,HWK,4,HWK_04,4,104,HWK_04_R104,
New_CG,HWK,5,HWK_05,1,101,HWK_05_R101,
New_CG,HWK,5,HWK_05,2,102,HWK_05_R102,13
New_CG,HWK,5,HWK_05,4,104,HWK_05_R104,20
New_CG,HWK,6,HWK_06,1,101,HWK_06_R101,
New_CG,HWK,6,HWK_06,2,102,HWK_06_R102,
New_CG,HWK,6,HWK_06,4,104,HWK_06_R104,15
New_CG,HWK,7,HWK_07,1,101,HWK_07_R101,
New_CG,HWK,7,HWK_07,2,102,HWK_07_R102,13
New_CG,HWK,7,HWK_07,4,104,HWK_07_R104,9
New_CG,HWK,8,HWK_08,1,101,HWK_08_R101,15
New_CG,HWK,8,HWK_08,2,102,HWK_08_R102,13
New_CG,HWK,8,HWK_08,4,104,HWK_08_R104,17
New_CG,HWK,9,HWK_09,1,101,HWK_09_R101,
New_CG,HWK,9,HWK_09,2,102,HWK_09_R102,
New_CG,HWK,9,HWK_09,4,104,HWK_09_R104,9
New_CG,HWK,10,HWK_10,1,101,HWK_10_R101,10
New_CG,HWK,10,HWK_10,2,102,HWK_10_R102,17
New_CG,HWK,10,HWK_10,4,104,HWK_10_R104,15
New_CG,HWK,11,HWK_11,1,101,HWK_11_R101,
New_CG,HWK,11,HWK_11,2,102,HWK_11_R102,14
New_CG,HWK,11,HWK_11,4,104,HWK_11_R104,
New_CG,HWK,12,HWK_12,1,101,HWK_12_R101,
New_CG,HWK,12,HWK_12,2,102,HWK_12_R102,19
New_CG,HWK,12,HWK_12,4,104,HWK_12_R104,
New_CG,HWK,13,HWK_13,1,101,HWK_13_R101,19
New_CG,HWK,13,HWK_13,2,102,HWK_13_R102,10
New_CG,HWK,13,HWK_13,4,104,HWK_13_R104,
New_CG,HWK,14,HWK_14,1,101,HWK_14_R101,
New_CG,HWK,14,HWK_14,2,102,HWK_14_R102,7
New_CG,HWK,14,HWK_14,4,104,HWK_14_R104,
New_CG,HWK,15,HWK_15,1,101,HWK_15_R101,
New_CG,HWK,15,HWK_15,2,102,HWK_15_R102,
New_CG,HWK,15,HWK_15,4,104,HWK_15_R104,
New_CG,LON,2,LON_02,1,101,LON_02_R101,18
New_CG,LON,2,LON_02,2,102,LON_02_R102,34
New_CG,LON,2,LON_02,3,103,LON_02_R103,23
New_CG,LON,2,LON_02,4,104,LON_02_R104,27
New_CG,LON,3,LON_03,1,101,LON_03_R101,17
New_CG,LON,3,LON_03,2,102,LON_03_R102,15
New_CG,LON,3,LON_03,3,103,LON_03_R103,17
New_CG,LON,3,LON_03,4,104,LON_03_R104,
New_CG,LON,5,LON_05,1,101,LON_05_R101,16
New_CG,LON,5,LON_05,2,102,LON_05_R102,25
New_CG,LON,5,LON_05,3,103,LON_05_R103,
New_CG,LON,5,LON_05,4,104,LON_05_R104,
New_CG,LON,6,LON_06,1,101,LON_06_R101,27
New_CG,LON,6,LON_06,2,102,LON_06_R102,
New_CG,LON,6,LON_06,3,103,LON_06_R103,
New_CG,LON,6,LON_06,4,104,LON_06_R104,21
New_CG,LON,7,LON_07,1,101,LON_07_R101,29
New_CG,LON,7,LON_07,2,102,LON_07_R102,27
New_CG,LON,7,LON_07,3,103,LON_07_R103,20
New_CG,LON,7,LON_07,4,104,LON_07_R104,26
New_CG,LON,8,LON_08,1,101,LON_08_R101,
New_CG,LON,8,LON_08,2,102,LON_08_R102,33
New_CG,LON,8,LON_08,3,103,LON_08_R103,
New_CG,LON,8,LON_08,4,104,LON_08_R104,17
New_CG,LON,9,LON_09,1,101,LON_09_R101,16
New_CG,LON,9,LON_09,2,102,LON_09_R102,38
New_CG,LON,9,LON_09,3,103,LON_09_R103,22
New_CG,LON,9,LON_09,4,104,LON_09_R104,
New_CG,LON,10,LON_10,1,101,LON_10_R101,15
New_CG,LON,10,LON_10,2,102,LON_10_R102,
New_CG,LON,10,LON_10,3,103,LON_10_R103,14
New_CG,LON,10,LON_10,4,104,LON_10_R104,21
New_CG,LON,11,LON_11,1,101,LON_11_R101,
New_CG,LON,11,LON_11,2,102,LON_11_R102,
New_CG,LON,11,LON_11,3,103,LON_11_R103,
New_CG,LON,11,LON_11,4,104,LON_11_R104,
New_CG,MBK,1,MBK_01,1,101,MBK_01_R101,
New_CG,MBK,1,MBK_01,2,102,MBK_01_R102,7
New_CG,MBK,1,MBK_01,3,103,MBK_01_R103,
New_CG,MBK,1,MBK_01,4,104,MBK_01_R104,10
New_CG,MBK,1,MBK_01,5,105,MBK_01_R105,19
New_CG,MBK,2,MBK_02,1,101,MBK_02_R101,5
New_CG,MBK,2,MBK_02,2,102,MBK_02_R102,12
New_CG,MBK,2,MBK_02,3,103,MBK_02_R103,
New_CG,MBK,2,MBK_02,4,104,MBK_02_R104,8
New_CG,MBK,2,MBK_02,5,105,MBK_02_R105,7
New_CG,MBK,3,MBK_03,1,101,MBK_03_R101,
New_CG,MBK,3,MBK_03,2,102,MBK_03_R102,
New_CG,MBK,3,MBK_03,3,103,MBK_03_R103,
New_CG,MBK,3,MBK_03,4,104,MBK_03_R104,
New_CG,MBK,3,MBK_03,5,105,MBK_03_R105,
New_CG,MBK,4,MBK_04,1,101,MBK_04_R101,14
New_CG,MBK,4,MBK_04,2,102,MBK_04_R102,11
New_CG,MBK,4,MBK_04,3,103,MBK_04_R103,
New_CG,MBK,4,MBK_04,4,104,MBK_04_R104,
New_CG,MBK,4,MBK_04,5,105,MBK_04_R105,
New_CG,MBK,5,MBK_05,1,101,MBK_05_R101,23
New_CG,MBK,5,MBK_05,2,102,MBK_05_R102,
New_CG,MBK,5,MBK_05,3,103,MBK_05_R103,
New_CG,MBK,5,MBK_05,4,104,MBK_05_R104,
New_CG,MBK,5,MBK_05,5,105,MBK_05_R105,
New_CG,MBK,6,MBK_06,1,101,MBK_06_R101,
New_CG,MBK,6,MBK_06,2,102,MBK_06_R102,
New_CG,MBK,6,MBK_06,3,103,MBK_06_R103,
New_CG,MBK,6,MBK_06,4,104,MBK_06_R104,
New_CG,MBK,6,MBK_06,5,105,MBK_06_R105,
New_CG,MBK,7,MBK_07,1,101,MBK_07_R101,8
New_CG,MBK,7,MBK_07,2,102,MBK_07_R102,4
New_CG,MBK,7,MBK_07,3,103,MBK_07_R103,
New_CG,MBK,7,MBK_07,4,104,MBK_07_R104,
New_CG,MBK,7,MBK_07,5,105,MBK_07_R105,
New_CG,MBK,8,MBK_08,1,101,MBK_08_R101,
New_CG,MBK,8,MBK_08,2,102,MBK_08_R102,
New_CG,MBK,8,MBK_08,3,103,MBK_08_R103,13
New_CG,MBK,8,MBK_08,4,104,MBK_08_R104,
New_CG,MBK,8,MBK_08,5,105,MBK_08_R105,23
New_CG,MBK,9,MBK_09,1,101,MBK_09_R101,17
New_CG,MBK,9,MBK_09,2,102,MBK_09_R102,
New_CG,MBK,9,MBK_09,3,103,MBK_09_R103,
New_CG,MBK,9,MBK_09,4,104,MBK_09_R104,
New_CG,MBK,9,MBK_09,5,105,MBK_09_R105,
New_CG,MBK,10,MBK_10,1,101,MBK_10_R101,
New_CG,MBK,10,MBK_10,2,102,MBK_10_R102,
New_CG,MBK,10,MBK_10,3,103,MBK_10_R103,
New_CG,MBK,10,MBK_10,4,104,MBK_10_R104,
New_CG,MBK,10,MBK_10,5,105,MBK_10_R105,
New_CG,MBK,11,MBK_11,1,101,MBK_11_R101,
New_CG,MBK,11,MBK_11,2,102,MBK_11_R102,8
New_CG,MBK,11,MBK_11,3,103,MBK_11_R103,
New_CG,MBK,11,MBK_11,4,104,MBK_11_R104,8
New_CG,MBK,11,MBK_11,5,105,MBK_11_R105,21
New_CG,MBK,12,MBK_12,1,101,MBK_12_R101,8
New_CG,MBK,12,MBK_12,2,102,MBK_12_R102,
New_CG,MBK,12,MBK_12,3,103,MBK_12_R103,
New_CG,MBK,12,MBK_12,4,104,MBK_12_R104,29
New_CG,MBK,12,MBK_12,5,105,MBK_12_R105,21
New_CG,MBK,13,MBK_13,1,101,MBK_13_R101,17
New_CG,MBK,13,MBK_13,2,102,MBK_13_R102,
New_CG,MBK,13,MBK_13,3,103,MBK_13_R103,
New_CG,MBK,13,MBK_13,4,104,MBK_13_R104,
New_CG,MBK,13,MBK_13,5,105,MBK_13_R105,
New_CG,MBK,14,MBK_14,1,101,MBK_14_R101,23
New_CG,MBK,14,MBK_14,2,102,MBK_14_R102,11
New_CG,MBK,14,MBK_14,3,103,MBK_14_R103,
New_CG,MBK,14,MBK_14,4,104,MBK_14_R104,
New_CG,MBK,14,MBK_14,5,105,MBK_14_R105,6
New_CG,MBK,15,MBK_15,1,101,MBK_15_R101,24
New_CG,MBK,15,MBK_15,2,102,MBK_15_R102,
New_CG,MBK,15,MBK_15,3,103,MBK_15_R103,
New_CG,MBK,15,MBK_15,4,104,MBK_15_R104,20
New_CG,MBK,15,MBK_15,5,105,MBK_15_R105,
New_CG,NEG,1,NEG_01,4,104,NEG_01_R104,
New_CG,NEG,2,NEG_02,4,104,NEG_02_R104,
New_CG,NEG,3,NEG_03,4,104,NEG_03_R104,
New_CG,NEG,4,NEG_04,4,104,NEG_04_R104,13
New_CG,NEG,5,NEG_05,4,104,NEG_05_R104,16
New_CG,NEG,6,NEG_06,4,104,NEG_06_R104,28
New_CG,NEG,7,NEG_07,4,104,NEG_07_R104,13
New_CG,NEG,8,NEG_08,4,104,NEG_08_R104,
New_CG,NEG,9,NEG_09,4,104,NEG_09_R104,23
New_CG,NEG,10,NEG_10,4,104,NEG_10_R104,17
New_CG,NEG,11,NEG_11,4,104,NEG_11_R104,9
New_CG,NEG,12,NEG_12,4,104,NEG_12_R104,
New_CG,NEG,13,NEG_13,4,104,NEG_13_R104,12
New_CG,NEG,14,NEG_14,4,104,NEG_14_R104,
New_CG,NEG,15,NEG_15,4,104,NEG_15_R104,23
New_CG,NEG,1,NEG_01,1,101,NEG_01_R101,15
New_CG,NEG,1,NEG_01,2,102,NEG_01_R102,
New_CG,NEG,1,NEG_01,3,103,NEG_01_R103,
New_CG,NEG,1,NEG_01,5,105,NEG_01_R105,29
New_CG,NEG,2,NEG_02,1,101,NEG_02_R101,28
New_CG,NEG,2,NEG_02,2,102,NEG_02_R102,12
New_CG,NEG,2,NEG_02,3,103,NEG_02_R103,21
New_CG,NEG,2,NEG_02,5,105,NEG_02_R105,
New_CG,NEG,3,NEG_03,1,101,NEG_03_R101,25
New_CG,NEG,3,NEG_03,2,102,NEG_03_R102,16
New_CG,NEG,3,NEG_03,3,103,NEG_03_R103,
New_CG,NEG,3,NEG_03,5,105,NEG_03_R105,16
New_CG,NEG,4,NEG_04,1,101,NEG_04_R101,27
New_CG,NEG,4,NEG_04,2,102,NEG_04_R102,20
New_CG,NEG,4,NEG_04,3,103,NEG_04_R103,17
New_CG,NEG,4,NEG_04,5,105,NEG_04_R105,
New_CG,NEG,5,NEG_05,1,101,NEG_05_R101,24
New_CG,NEG,5,NEG_05,2,102,NEG_05_R102,19
New_CG,NEG,5,NEG_05,3,103,NEG_05_R103,
New_CG,NEG,5,NEG_05,5,105,NEG_05_R105,
New_CG,NEG,6,NEG_06,1,101,NEG_06_R101,33
New_CG,NEG,6,NEG_06,2,102,NEG_06_R102,29
New_CG,NEG,6,NEG_06,3,103,NEG_06_R103,24
New_CG,NEG,6,NEG_06,5,105,NEG_06_R105,
New_CG,NEG,7,NEG_07,1,101,NEG_07_R101,
New_CG,NEG,7,NEG_07,2,102,NEG_07_R102,
New_CG,NEG,7,NEG_07,3,103,NEG_07_R103,24
New_CG,NEG,7,NEG_07,5,105,NEG_07_R105,
New_CG,NEG,8,NEG_08,1,101,NEG_08_R101,28
New_CG,NEG,8,NEG_08,2,102,NEG_08_R102,23
New_CG,NEG,8,NEG_08,3,103,NEG_08_R103,
New_CG,NEG,8,NEG_08,5,105,NEG_08_R105,16
New_CG,NEG,9,NEG_09,1,101,NEG_09_R101,36
New_CG,NEG,9,NEG_09,2,102,NEG_09_R102,26
New_CG,NEG,9,NEG_09,3,103,NEG_09_R103,23
New_CG,NEG,9,NEG_09,5,105,NEG_09_R105,14
New_CG,NEG,10,NEG_10,1,101,NEG_10_R101,
New_CG,NEG,10,NEG_10,2,102,NEG_10_R102,22
New_CG,NEG,10,NEG_10,3,103,NEG_10_R103,23
New_CG,NEG,10,NEG_10,5,105,NEG_10_R105,17
New_CG,NEG,11,NEG_11,1,101,NEG_11_R101,24
New_CG,NEG,11,NEG_11,3,103,NEG_11_R103,22
New_CG,NEG,11,NEG_11,5,105,NEG_11_R105,
New_CG,NEG,11,NEG_11,2,102,NEG_11_R102,16
New_CG,NEG,12,NEG_12,1,101,NEG_12_R101,29
New_CG,NEG,12,NEG_12,2,102,NEG_12_R102,17
New_CG,NEG,12,NEG_12,3,103,NEG_12_R103,22
New_CG,NEG,12,NEG_12,5,105,NEG_12_R105,
New_CG,NEG,13,NEG_13,1,101,NEG_13_R101,16
New_CG,NEG,13,NEG_13,2,102,NEG_13_R102,21
New_CG,NEG,13,NEG_13,3,103,NEG_13_R103,17
New_CG,NEG,13,NEG_13,5,105,NEG_13_R105,
New_CG,NEG,14,NEG_14,1,101,NEG_14_R101,36
New_CG,NEG,14,NEG_14,2,102,NEG_14_R102,22
New_CG,NEG,14,NEG_14,3,103,NEG_14_R103,25
New_CG,NEG,14,NEG_14,5,105,NEG_14_R105,
New_CG,NEG,15,NEG_15,1,101,NEG_15_R101,28
New_CG,NEG,15,NEG_15,2,102,NEG_15_R102,22
New_CG,NEG,15,NEG_15,3,103,NEG_15_R103,
New_CG,NEG,15,NEG_15,5,105,NEG_15_R105,13
New_CG,RAD,1,RAD_01,3,103,RAD_01_R103,
New_CG,RAD,2,RAD_02,3,103,RAD_02_R103,
New_CG,RAD,3,RAD_03,3,103,RAD_03_R103,12
New_CG,RAD,4,RAD_04,3,103,RAD_04_R103,9
New_CG,RAD,5,RAD_05,3,103,RAD_05_R103,15
New_CG,RAD,6,RAD_06,3,103,RAD_06_R103,4
New_CG,RAD,7,RAD_07,3,103,RAD_07_R103,16
New_CG,RAD,8,RAD_08,3,103,RAD_08_R103,5
New_CG,RAD,9,RAD_09,3,103,RAD_09_R103,10
New_CG,RAD,10,RAD_10,3,103,RAD_10_R103,14
New_CG,RAD,11,RAD_11,3,103,RAD_11_R103,15
New_CG,RAD,12,RAD_12,3,103,RAD_12_R103,11
New_CG,RAD,13,RAD_13,3,103,RAD_13_R103,14
New_CG,RAD,14,RAD_14,3,103,RAD_14_R103,
New_CG,RAD,15,RAD_15,3,103,RAD_15_R103,
New_CG,RAD,1,RAD_01,1,101,RAD_01_R101,33
New_CG,RAD,1,RAD_01,2,102,RAD_01_R102,
New_CG,RAD,1,RAD_01,4,104,RAD_01_R104,
New_CG,RAD,1,RAD_01,5,105,RAD_01_R105,23
New_CG,RAD,2,RAD_02,1,101,RAD_02_R101,29
New_CG,RAD,2,RAD_02,2,102,RAD_02_R102,21
New_CG,RAD,2,RAD_02,4,104,RAD_02_R104,
New_CG,RAD,2,RAD_02,5,105,RAD_02_R105,
New_CG,RAD,3,RAD_03,1,101,RAD_03_R101,21
New_CG,RAD,3,RAD_03,2,102,RAD_03_R102,
New_CG,RAD,3,RAD_03,4,104,RAD_03_R104,6
New_CG,RAD,3,RAD_03,5,105,RAD_03_R105,
New_CG,RAD,4,RAD_04,1,101,RAD_04_R101,11
New_CG,RAD,4,RAD_04,2,102,RAD_04_R102,21
New_CG,RAD,4,RAD_04,4,104,RAD_04_R104,8
New_CG,RAD,4,RAD_04,5,105,RAD_04_R105,15
New_CG,RAD,5,RAD_05,1,101,RAD_05_R101,27
New_CG,RAD,5,RAD_05,2,102,RAD_05_R102,12
New_CG,RAD,5,RAD_05,4,104,RAD_05_R104,13
New_CG,RAD,5,RAD_05,5,105,RAD_05_R105,
New_CG,RAD,6,RAD_06,1,101,RAD_06_R101,8
New_CG,RAD,6,RAD_06,2,102,RAD_06_R102,13
New_CG,RAD,6,RAD_06,4,104,RAD_06_R104,
New_CG,RAD,6,RAD_06,5,105,RAD_06_R105,
New_CG,RAD,7,RAD_07,1,101,RAD_07_R101,26
New_CG,RAD,7,RAD_07,2,102,RAD_07_R102,21
New_CG,RAD,7,RAD_07,4,104,RAD_07_R104,
New_CG,RAD,7,RAD_07,5,105,RAD_07_R105,34
New_CG,RAD,8,RAD_08,1,101,RAD_08_R101,19
New_CG,RAD,8,RAD_08,2,102,RAD_08_R102,26
New_CG,RAD,8,RAD_08,4,104,RAD_08_R104,10
New_CG,RAD,8,RAD_08,5,105,RAD_08_R105,8
New_CG,RAD,9,RAD_09,1,101,RAD_09_R101,
New_CG,RAD,9,RAD_09,2,102,RAD_09_R102,
New_CG,RAD,9,RAD_09,4,104,RAD_09_R104,
New_CG,RAD,9,RAD_09,5,105,RAD_09_R105,16
New_CG,RAD,10,RAD_10,1,101,RAD_10_R101,19
New_CG,RAD,10,RAD_10,2,102,RAD_10_R102,
New_CG,RAD,10,RAD_10,4,104,RAD_10_R104,15
New_CG,RAD,10,RAD_10,5,105,RAD_10_R105,18
New_CG,RAD,11,RAD_11,1,101,RAD_11_R101,38
New_CG,RAD,11,RAD_11,2,102,RAD_11_R102,
New_CG,RAD,11,RAD_11,4,104,RAD_11_R104,16
New_CG,RAD,11,RAD_11,5,105,RAD_11_R105,16
New_CG,RAD,12,RAD_12,1,101,RAD_12_R101,11
New_CG,RAD,12,RAD_12,2,102,RAD_12_R102,11
New_CG,RAD,12,RAD_12,4,104,RAD_12_R104,12
New_CG,RAD,12,RAD_12,5,105,RAD_12_R105,12
New_CG,RAD,13,RAD_13,1,101,RAD_13_R101,13
New_CG,RAD,13,RAD_13,2,102,RAD_13_R102,6
New_CG,RAD,13,RAD_13,4,104,RAD_13_R104,14
New_CG,RAD,13,RAD_13,5,105,RAD_13_R105,
New_CG,RAD,14,RAD_14,1,101,RAD_14_R101,
New_CG,RAD,14,RAD_14,2,102,RAD_14_R102,6
New_CG,RAD,14,RAD_14,4,104,RAD_14_R104,15
New_CG,RAD,14,RAD_14,5,105,RAD_14_R105,17
New_CG,RAD,15,RAD_15,1,101,RAD_15_R101,
New_CG,RAD,15,RAD_15,2,102,RAD_15_R102,
New_CG,RAD,15,RAD_15,4,104,RAD_15_R104,12
New_CG,RAD,15,RAD_15,5,105,RAD_15_R105,17
New_CG,SKN,1,SKN_01,3,103,SKN_01_R103,
New_CG,SKN,2,SKN_02,3,103,SKN_02_R103,
New_CG,SKN,3,SKN_03,3,103,SKN_03_R103,16
New_CG,SKN,4,SKN_04,3,103,SKN_04_R103,
New_CG,SKN,5,SKN_05,3,103,SKN_05_R103,13
New_CG,SKN,6,SKN_06,3,103,SKN_06_R103,
New_CG,SKN,7,SKN_07,3,103,SKN_07_R103,9
New_CG,SKN,8,SKN_08,3,103,SKN_08_R103,9
New_CG,SKN,9,SKN_09,3,103,SKN_09_R103,14
New_CG,SKN,10,SKN_10,3,103,SKN_10_R103,13
New_CG,SKN,11,SKN_11,3,103,SKN_11_R103,13
New_CG,SKN,12,SKN_12,3,103,SKN_12_R103,22
New_CG,SKN,13,SKN_13,3,103,SKN_13_R103,
New_CG,SKN,14,SKN_14,3,103,SKN_14_R103,11
New_CG,SKN,15,SKN_15,3,103,SKN_15_R103,20
New_CG,SKN,1,SKN_01,1,101,SKN_01_R101,16
New_CG,SKN,1,SKN_01,2,102,SKN_01_R102,
New_CG,SKN,1,SKN_01,4,104,SKN_01_R104,
New_CG,SKN,1,SKN_01,5,105,SKN_01_R105,
New_CG,SKN,2,SKN_02,1,101,SKN_02_R101,9
New_CG,SKN,2,SKN_02,2,102,SKN_02_R102,
New_CG,SKN,2,SKN_02,4,104,SKN_02_R104,
New_CG,SKN,2,SKN_02,5,105,SKN_02_R105,
New_CG,SKN,3,SKN_03,1,101,SKN_03_R101,
New_CG,SKN,3,SKN_03,2,102,SKN_03_R102,
New_CG,SKN,3,SKN_03,4,104,SKN_03_R104,
New_CG,SKN,3,SKN_03,5,105,SKN_03_R105,
New_CG,SKN,4,SKN_04,1,101,SKN_04_R101,
New_CG,SKN,4,SKN_04,2,102,SKN_04_R102,
New_CG,SKN,4,SKN_04,4,104,SKN_04_R104,
New_CG,SKN,4,SKN_04,5,105,SKN_04_R105,
New_CG,SKN,5,SKN_05,1,101,SKN_05_R101,27
New_CG,SKN,5,SKN_05,2,102,SKN_05_R102,
New_CG,SKN,5,SKN_05,4,104,SKN_05_R104,23
New_CG,SKN,5,SKN_05,5,105,SKN_05_R105,8
New_CG,SKN,6,SKN_06,1,101,SKN_06_R101,23
New_CG,SKN,6,SKN_06,2,102,SKN_06_R102,
New_CG,SKN,6,SKN_06,4,104,SKN_06_R104,
New_CG,SKN,6,SKN_06,5,105,SKN_06_R105,15
New_CG,SKN,7,SKN_07,1,101,SKN_07_R101,40
New_CG,SKN,7,SKN_07,2,102,SKN_07_R102,
New_CG,SKN,7,SKN_07,4,104,SKN_07_R104,
New_CG,SKN,7,SKN_07,5,105,SKN_07_R105,
New_CG,SKN,8,SKN_08,1,101,SKN_08_R101,23
New_CG,SKN,8,SKN_08,2,102,SKN_08_R102,
New_CG,SKN,8,SKN_08,4,104,SKN_08_R104,6
New_CG,SKN,8,SKN_08,5,105,SKN_08_R105,17
New_CG,SKN,9,SKN_09,1,101,SKN_09_R101,5
New_CG,SKN,9,SKN_09,2,102,SKN_09_R102,
New_CG,SKN,9,SKN_09,4,104,SKN_09_R104,
New_CG,SKN,9,SKN_09,5,105,SKN_09_R105,
New_CG,SKN,10,SKN_10,1,101,SKN_10_R101,22
New_CG,SKN,10,SKN_10,2,102,SKN_10_R102,33
New_CG,SKN,10,SKN_10,4,104,SKN_10_R104,16
New_CG,SKN,10,SKN_10,5,105,SKN_10_R105,11
New_CG,SKN,11,SKN_11,1,101,SKN_11_R101,
New_CG,SKN,11,SKN_11,2,102,SKN_11_R102,
New_CG,SKN,11,SKN_11,4,104,SKN_11_R104,19
New_CG,SKN,11,SKN_11,5,105,SKN_11_R105,
New_CG,SKN,12,SKN_12,1,101,SKN_12_R101,29
New_CG,SKN,12,SKN_12,2,102,SKN_12_R102,
New_CG,SKN,12,SKN_12,4,104,SKN_12_R104,22
New_CG,SKN,12,SKN_12,5,105,SKN_12_R105,22
New_CG,SKN,13,SKN_13,1,101,SKN_13_R101,17
New_CG,SKN,13,SKN_13,2,102,SKN_13_R102,24
New_CG,SKN,13,SKN_13,4,104,SKN_13_R104,25
New_CG,SKN,13,SKN_13,5,105,SKN_13_R105,20
New_CG,SKN,14,SKN_14,1,101,SKN_14_R101,
New_CG,SKN,14,SKN_14,2,102,SKN_14_R102,
New_CG,SKN,14,SKN_14,4,104,SKN_14_R104,
New_CG,SKN,14,SKN_14,5,105,SKN_14_R105,2
New_CG,SKN,15,SKN_15,1,101,SKN_15_R101,
New_CG,SKN,15,SKN_15,2,102,SKN_15_R102,
New_CG,SKN,15,SKN_15,4,104,SKN_15_R104,
New_CG,SKN,15,SKN_15,5,105,SKN_15_R105,
New_CG,WLK,1,WLK_01,1,101,WLK_01_R101,
New_CG,WLK,1,WLK_01,2,102,WLK_01_R102,27
New_CG,WLK,1,WLK_01,3,103,WLK_01_R103,32
New_CG,WLK,1,WLK_01,4,104,WLK_01_R104,
New_CG,WLK,1,WLK_01,5,105,WLK_01_R105,21
New_CG,WLK,2,WLK_02,1,101,WLK_02_R101,
New_CG,WLK,2,WLK_02,2,102,WLK_02_R102,
New_CG,WLK,2,WLK_02,3,103,WLK_02_R103,
New_CG,WLK,2,WLK_02,4,104,WLK_02_R104,
New_CG,WLK,2,WLK_02,5,105,WLK_02_R105,
New_CG,WLK,3,WLK_03,1,101,WLK_03_R101,
New_CG,WLK,3,WLK_03,2,102,WLK_03_R102,9
New_CG,WLK,3,WLK_03,3,103,WLK_03_R103,26
New_CG,WLK,3,WLK_03,4,104,WLK_03_R104,
New_CG,WLK,3,WLK_03,5,105,WLK_03_R105,
New_CG,WLK,4,WLK_04,1,101,WLK_04_R101,
New_CG,WLK,4,WLK_04,2,102,WLK_04_R102,11
New_CG,WLK,4,WLK_04,3,103,WLK_04_R103,
New_CG,WLK,4,WLK_04,4,104,WLK_04_R104,
New_CG,WLK,4,WLK_04,5,105,WLK_04_R105,
New_CG,WLK,5,WLK_05,1,101,WLK_05_R101,
New_CG,WLK,5,WLK_05,2,102,WLK_05_R102,11
New_CG,WLK,5,WLK_05,3,103,WLK_05_R103,
New_CG,WLK,5,WLK_05,4,104,WLK_05_R104,
New_CG,WLK,5,WLK_05,5,105,WLK_05_R105,25
New_CG,WLK,6,WLK_06,1,101,WLK_06_R101,14
New_CG,WLK,6,WLK_06,2,102,WLK_06_R102,24
New_CG,WLK,6,WLK_06,3,103,WLK_06_R103,
New_CG,WLK,6,WLK_06,4,104,WLK_06_R104,
New_CG,WLK,6,WLK_06,5,105,WLK_06_R105,
New_CG,WLK,7,WLK_07,1,101,WLK_07_R101,9
New_CG,WLK,7,WLK_07,2,102,WLK_07_R102,
New_CG,WLK,7,WLK_07,3,103,WLK_07_R103,
New_CG,WLK,7,WLK_07,4,104,WLK_07_R104,23
New_CG,WLK,7,WLK_07,5,105,WLK_07_R105,13
New_CG,WLK,8,WLK_08,1,101,WLK_08_R101,
New_CG,WLK,8,WLK_08,2,102,WLK_08_R102,
New_CG,WLK,8,WLK_08,3,103,WLK_08_R103,
New_CG,WLK,8,WLK_08,4,104,WLK_08_R104,
New_CG,WLK,8,WLK_08,5,105,WLK_08_R105,
New_CG,WLK,9,WLK_09,1,101,WLK_09_R101,
New_CG,WLK,9,WLK_09,2,102,WLK_09_R102,17
New_CG,WLK,9,WLK_09,3,103,WLK_09_R103,
New_CG,WLK,9,WLK_09,4,104,WLK_09_R104,
New_CG,WLK,9,WLK_09,5,105,WLK_09_R105,
New_CG,WLK,10,WLK_10,1,101,WLK_10_R101,29
New_CG,WLK,10,WLK_10,2,102,WLK_10_R102,12
New_CG,WLK,10,WLK_10,3,103,WLK_10_R103,
New_CG,WLK,10,WLK_10,4,104,WLK_10_R104,
New_CG,WLK,10,WLK_10,5,105,WLK_10_R105,
New_CG,WLK,11,WLK_11,1,101,WLK_11_R101,12
New_CG,WLK,11,WLK_11,2,102,WLK_11_R102,10
New_CG,WLK,11,WLK_11,3,103,WLK_11_R103,7
New_CG,WLK,11,WLK_11,4,104,WLK_11_R104,9
New_CG,WLK,11,WLK_11,5,105,WLK_11_R105,
New_CG,WLK,12,WLK_12,1,101,WLK_12_R101,
New_CG,WLK,12,WLK_12,2,102,WLK_12_R102,29
New_CG,WLK,12,WLK_12,3,103,WLK_12_R103,38
New_CG,WLK,12,WLK_12,4,104,WLK_12_R104,
New_CG,WLK,12,WLK_12,5,105,WLK_12_R105,
New_CG,WLK,13,WLK_13,1,101,WLK_13_R101,13
New_CG,WLK,13,WLK_13,2,102,WLK_13_R102,24
New_CG,WLK,13,WLK_13,3,103,WLK_13_R103,22
New_CG,WLK,13,WLK_13,4,104,WLK_13_R104,
New_CG,WLK,13,WLK_13,5,105,WLK_13_R105,
New_CG,WLK,14,WLK_14,1,101,WLK_14_R101,
New_CG,WLK,14,WLK_14,2,102,WLK_14_R102,
New_CG,WLK,14,WLK_14,3,103,WLK_14_R103,
New_CG,WLK,14,WLK_14,4,104,WLK_14_R104,
New_CG,WLK,14,WLK_14,5,105,WLK_14_R105,18
New_CG,WLK,15,WLK_15,1,101,WLK_15_R101,27
New_CG,WLK,15,WLK_15,2,102,WLK_15_R102,13
New_CG,WLK,15,WLK_15,3,103,WLK_15_R103,
New_CG,WLK,15,WLK_15,4,104,WLK_15_R104,
New_CG,WLK,15,WLK_15,5,105,WLK_15_R105,
Old_CG,CYH,1,CYH_01,1,101,CYH_01_R101,23
Old_CG,CYH,1,CYH_01,2,102,CYH_01_R102,
Old_CG,CYH,1,CYH_01,3,103,CYH_01_R103,20
Old_CG,CYH,1,CYH_01,4,104,CYH_01_R104,
Old_CG,CYH,2,CYH_02,1,101,CYH_02_R101,
Old_CG,CYH,2,CYH_02,2,102,CYH_02_R102,
Old_CG,CYH,2,CYH_02,3,103,CYH_02_R103,
Old_CG,CYH,2,CYH_02,4,104,CYH_02_R104,
Old_CG,CYH,3,CYH_03,1,101,CYH_03_R101,
Old_CG,CYH,3,CYH_03,2,102,CYH_03_R102,
Old_CG,CYH,3,CYH_03,3,103,CYH_03_R103,
Old_CG,CYH,3,CYH_03,4,104,CYH_03_R104,
Old_CG,CYH,4,CYH_04,1,101,CYH_04_R101,
Old_CG,CYH,4,CYH_04,2,102,CYH_04_R102,
Old_CG,CYH,4,CYH_04,3,103,CYH_04_R103,
Old_CG,CYH,4,CYH_04,4,104,CYH_04_R104,
Old_CG,CYH,5,CYH_05,1,101,CYH_05_R101,
Old_CG,CYH,5,CYH_05,2,102,CYH_05_R102,
Old_CG,CYH,5,CYH_05,3,103,CYH_05_R103,12
Old_CG,CYH,5,CYH_05,4,104,CYH_05_R104,
Old_CG,CYH,6,CYH_06,1,101,CYH_06_R101,
Old_CG,CYH,6,CYH_06,2,102,CYH_06_R102,
Old_CG,CYH,6,CYH_06,3,103,CYH_06_R103,
Old_CG,CYH,6,CYH_06,4,104,CYH_06_R104,
Old_CG,CYH,7,CYH_07,1,101,CYH_07_R101,13
Old_CG,CYH,7,CYH_07,2,102,CYH_07_R102,20
Old_CG,CYH,7,CYH_07,3,103,CYH_07_R103,5
Old_CG,CYH,7,CYH_07,4,104,CYH_07_R104,
Old_CG,CYH,8,CYH_08,1,101,CYH_08_R101,
Old_CG,CYH,8,CYH_08,2,102,CYH_08_R102,
Old_CG,CYH,8,CYH_08,3,103,CYH_08_R103,
Old_CG,CYH,8,CYH_08,4,104,CYH_08_R104,18
Old_CG,CYH,9,CYH_09,1,101,CYH_09_R101,
Old_CG,CYH,9,CYH_09,2,102,CYH_09_R102,
Old_CG,CYH,9,CYH_09,3,103,CYH_09_R103,
Old_CG,CYH,9,CYH_09,4,104,CYH_09_R104,
Old_CG,CYH,10,CYH_10,1,101,CYH_10_R101,15
Old_CG,CYH,10,CYH_10,2,102,CYH_10_R102,9
Old_CG,CYH,10,CYH_10,3,103,CYH_10_R103,
Old_CG,CYH,10,CYH_10,4,104,CYH_10_R104,
Old_CG,CYH,11,CYH_11,1,101,CYH_11_R101,28
Old_CG,CYH,11,CYH_11,2,102,CYH_11_R102,
Old_CG,CYH,11,CYH_11,3,103,CYH_11_R103,
Old_CG,CYH,11,CYH_11,4,104,CYH_11_R104,
Old_CG,CYH,12,CYH_12,1,101,CYH_12_R101,
Old_CG,CYH,12,CYH_12,2,102,CYH_12_R102,20
Old_CG,CYH,12,CYH_12,3,103,CYH_12_R103,15
Old_CG,CYH,12,CYH_12,4,104,CYH_12_R104,
Old_CG,CYH,13,CYH_13,1,101,CYH_13_R101,
Old_CG,CYH,13,CYH_13,2,102,CYH_13_R102,
Old_CG,CYH,13,CYH_13,3,103,CYH_13_R103,
Old_CG,CYH,13,CYH_13,4,104,CYH_13_R104,
Old_CG,CYH,14,CYH_14,1,101,CYH_14_R101,28
Old_CG,CYH,14,CYH_14,2,102,CYH_14_R102,
Old_CG,CYH,14,CYH_14,3,103,CYH_14_R103,
Old_CG,CYH,14,CYH_14,4,104,CYH_14_R104,
Old_CG,CYH,15,CYH_15,1,101,CYH_15_R101,20
Old_CG,CYH,15,CYH_15,2,102,CYH_15_R102,5
Old_CG,CYH,15,CYH_15,3,103,CYH_15_R103,11
Old_CG,CYH,15,CYH_15,4,104,CYH_15_R104,
Old_CG,KAP,1,KAP_01,1,101,KAP_01_R101,
Old_CG,KAP,1,KAP_01,2,102,KAP_01_R102,13
Old_CG,KAP,1,KAP_01,3,103,KAP_01_R103,33
Old_CG,KAP,1,KAP_01,4,104,KAP_01_R104,10
Old_CG,KAP,2,KAP_02,1,101,KAP_02_R101,34
Old_CG,KAP,2,KAP_02,2,102,KAP_02_R102,38
Old_CG,KAP,2,KAP_02,3,103,KAP_02_R103,13
Old_CG,KAP,2,KAP_02,4,104,KAP_02_R104,
Old_CG,KAP,3,KAP_03,1,101,KAP_03_R101,
Old_CG,KAP,3,KAP_03,2,102,KAP_03_R102,
Old_CG,KAP,3,KAP_03,3,103,KAP_03_R103,12
Old_CG,KAP,3,KAP_03,4,104,KAP_03_R104,
Old_CG,KAP,4,KAP_04,1,101,KAP_04_R101,14
Old_CG,KAP,4,KAP_04,2,102,KAP_04_R102,
Old_CG,KAP,4,KAP_04,3,103,KAP_04_R103,11
Old_CG,KAP,4,KAP_04,4,104,KAP_04_R104,
Old_CG,KAP,5,KAP_05,1,101,KAP_05_R101,
Old_CG,KAP,5,KAP_05,2,102,KAP_05_R102,19
Old_CG,KAP,5,KAP_05,3,103,KAP_05_R103,
Old_CG,KAP,5,KAP_05,4,104,KAP_05_R104,
Old_CG,KAP,6,KAP_06,1,101,KAP_06_R101,20
Old_CG,KAP,6,KAP_06,2,102,KAP_06_R102,
Old_CG,KAP,6,KAP_06,3,103,KAP_06_R103,21
Old_CG,KAP,6,KAP_06,4,104,KAP_06_R104,
Old_CG,KAP,7,KAP_07,1,101,KAP_07_R101,
Old_CG,KAP,7,KAP_07,2,102,KAP_07_R102,12
Old_CG,KAP,7,KAP_07,3,103,KAP_07_R103,
Old_CG,KAP,7,KAP_07,4,104,KAP_07_R104,26
Old_CG,KAP,8,KAP_08,1,101,KAP_08_R101,
Old_CG,KAP,8,KAP_08,2,102,KAP_08_R102,
Old_CG,KAP,8,KAP_08,3,103,KAP_08_R103,19
Old_CG,KAP,8,KAP_08,4,104,KAP_08_R104,
Old_CG,KAP,9,KAP_09,1,101,KAP_09_R101,
Old_CG,KAP,9,KAP_09,2,102,KAP_09_R102,
Old_CG,KAP,9,KAP_09,3,103,KAP_09_R103,
Old_CG,KAP,9,KAP_09,4,104,KAP_09_R104,
Old_CG,KAP,10,KAP_10,1,101,KAP_10_R101,
Old_CG,KAP,10,KAP_10,2,102,KAP_10_R102,13
Old_CG,KAP,10,KAP_10,3,103,KAP_10_R103,13
Old_CG,KAP,10,KAP_10,4,104,KAP_10_R104,17
Old_CG,KAP,11,KAP_11,1,101,KAP_11_R101,21
Old_CG,KAP,11,KAP_11,2,102,KAP_11_R102,15
Old_CG,KAP,11,KAP_11,3,103,KAP_11_R103,14
Old_CG,KAP,11,KAP_11,4,104,KAP_11_R104,
Old_CG,KAP,12,KAP_12,1,101,KAP_12_R101,
Old_CG,KAP,12,KAP_12,2,102,KAP_12_R102,
Old_CG,KAP,12,KAP_12,3,103,KAP_12_R103,
Old_CG,KAP,12,KAP_12,4,104,KAP_12_R104,
Old_CG,KAP,13,KAP_13,1,101,KAP_13_R101,
Old_CG,KAP,13,KAP_13,2,102,KAP_13_R102,
Old_CG,KAP,13,KAP_13,3,103,KAP_13_R103,
Old_CG,KAP,13,KAP_13,4,104,KAP_13_R104,
Old_CG,KAP,14,KAP_14,1,101,KAP_14_R101,13
Old_CG,KAP,14,KAP_14,2,102,KAP_14_R102,7
Old_CG,KAP,14,KAP_14,3,103,KAP_14_R103,24
Old_CG,KAP,14,KAP_14,4,104,KAP_14_R104,
Old_CG,KAP,15,KAP_15,1,101,KAP_15_R101,
Old_CG,KAP,15,KAP_15,2,102,KAP_15_R102,
Old_CG,KAP,15,KAP_15,3,103,KAP_15_R103,
Old_CG,KAP,15,KAP_15,4,104,KAP_15_R104,
Old_CG,NBY,1,NBY_01,1,101,NBY_01_R101,
Old_CG,NBY,1,NBY_01,2,102,NBY_01_R102,
Old_CG,NBY,1,NBY_01,3,103,NBY_01_R103,
Old_CG,NBY,1,NBY_01,4,104,NBY_01_R104,
Old_CG,NBY,2,NBY_02,1,101,NBY_02_R101,
Old_CG,NBY,2,NBY_02,2,102,NBY_02_R102,
Old_CG,NBY,2,NBY_02,3,103,NBY_02_R103,
Old_CG,NBY,2,NBY_02,4,104,NBY_02_R104,27
Old_CG,NBY,3,NBY_03,1,101,NBY_03_R101,12
Old_CG,NBY,3,NBY_03,2,102,NBY_03_R102,10
Old_CG,NBY,3,NBY_03,3,103,NBY_03_R103,15
Old_CG,NBY,3,NBY_03,4,104,NBY_03_R104,13
Old_CG,NBY,4,NBY_04,1,101,NBY_04_R101,
Old_CG,NBY,4,NBY_04,2,102,NBY_04_R102,
Old_CG,NBY,4,NBY_04,3,103,NBY_04_R103,6
Old_CG,NBY,4,NBY_04,4,104,NBY_04_R104,19
Old_CG,NBY,5,NBY_05,1,101,NBY_05_R101,8
Old_CG,NBY,5,NBY_05,2,102,NBY_05_R102,10
Old_CG,NBY,5,NBY_05,3,103,NBY_05_R103,
Old_CG,NBY,5,NBY_05,4,104,NBY_05_R104,19
Old_CG,NBY,6,NBY_06,1,101,NBY_06_R101,
Old_CG,NBY,6,NBY_06,2,102,NBY_06_R102,12
Old_CG,NBY,6,NBY_06,3,103,NBY_06_R103,21
Old_CG,NBY,6,NBY_06,4,104,NBY_06_R104,
Old_CG,NBY,7,NBY_07,1,101,NBY_07_R101,
Old_CG,NBY,7,NBY_07,2,102,NBY_07_R102,
Old_CG,NBY,7,NBY_07,3,103,NBY_07_R103,
Old_CG,NBY,7,NBY_07,4,104,NBY_07_R104,
Old_CG,NBY,8,NBY_08,1,101,NBY_08_R101,23
Old_CG,NBY,8,NBY_08,2,102,NBY_08_R102,12
Old_CG,NBY,8,NBY_08,3,103,NBY_08_R103,12
Old_CG,NBY,8,NBY_08,4,104,NBY_08_R104,19
Old_CG,NBY,9,NBY_09,1,101,NBY_09_R101,19
Old_CG,NBY,9,NBY_09,2,102,NBY_09_R102,11
Old_CG,NBY,9,NBY_09,3,103,NBY_09_R103,11
Old_CG,NBY,9,NBY_09,4,104,NBY_09_R104,
Old_CG,NBY,10,NBY_10,1,101,NBY_10_R101,
Old_CG,NBY,10,NBY_10,2,102,NBY_10_R102,14
Old_CG,NBY,10,NBY_10,3,103,NBY_10_R103,
Old_CG,NBY,10,NBY_10,4,104,NBY_10_R104,
Old_CG,NBY,11,NBY_11,1,101,NBY_11_R101,
Old_CG,NBY,11,NBY_11,2,102,NBY_11_R102,17
Old_CG,NBY,11,NBY_11,3,103,NBY_11_R103,
Old_CG,NBY,11,NBY_11,4,104,NBY_11_R104,13
Old_CG,NBY,12,NBY_12,1,101,NBY_12_R101,
Old_CG,NBY,12,NBY_12,2,102,NBY_12_R102,
Old_CG,NBY,12,NBY_12,3,103,NBY_12_R103,
Old_CG,NBY,12,NBY_12,4,104,NBY_12_R104,
Old_CG,NBY,13,NBY_13,1,101,NBY_13_R101,
Old_CG,NBY,13,NBY_13,2,102,NBY_13_R102,
Old_CG,NBY,13,NBY_13,3,103,NBY_13_R103,
Old_CG,NBY,13,NBY_13,4,104,NBY_13_R104,
Old_CG,NBY,14,NBY_14,1,101,NBY_14_R101,
Old_CG,NBY,14,NBY_14,2,102,NBY_14_R102,14
Old_CG,NBY,14,NBY_14,3,103,NBY_14_R103,
Old_CG,NBY,14,NBY_14,4,104,NBY_14_R104,16
Old_CG,NBY,15,NBY_15,1,101,NBY_15_R101,
Old_CG,NBY,15,NBY_15,2,102,NBY_15_R102,
Old_CG,NBY,15,NBY_15,3,103,NBY_15_R103,
Old_CG,NBY,15,NBY_15,4,104,NBY_15_R104,25
Old_CG,OUT,1,OUT_01,1,101,OUT_01_R101,14
Old_CG,OUT,1,OUT_01,2,102,OUT_01_R102,24
Old_CG,OUT,1,OUT_01,3,103,OUT_01_R103,
Old_CG,OUT,1,OUT_01,4,104,OUT_01_R104,13
Old_CG,OUT,2,OUT_02,1,101,OUT_02_R101,23
Old_CG,OUT,2,OUT_02,2,102,OUT_02_R102,24
Old_CG,OUT,2,OUT_02,3,103,OUT_02_R103,
Old_CG,OUT,2,OUT_02,4,104,OUT_02_R104,12
Old_CG,OUT,3,OUT_03,1,101,OUT_03_R101,
Old_CG,OUT,3,OUT_03,2,102,OUT_03_R102,19
Old_CG,OUT,3,OUT_03,3,103,OUT_03_R103,
Old_CG,OUT,3,OUT_03,4,104,OUT_03_R104,12
Old_CG,OUT,4,OUT_04,1,101,OUT_04_R101,15
Old_CG,OUT,4,OUT_04,2,102,OUT_04_R102,13
Old_CG,OUT,4,OUT_04,3,103,OUT_04_R103,23
Old_CG,OUT,4,OUT_04,4,104,OUT_04_R104,27
Old_CG,OUT,5,OUT_05,1,101,OUT_05_R101,21
Old_CG,OUT,5,OUT_05,2,102,OUT_05_R102,24
Old_CG,OUT,5,OUT_05,3,103,OUT_05_R103,5
Old_CG,OUT,5,OUT_05,4,104,OUT_05_R104,24
Old_CG,OUT,6,OUT_06,1,101,OUT_06_R101,13
Old_CG,OUT,6,OUT_06,2,102,OUT_06_R102,15
Old_CG,OUT,6,OUT_06,3,103,OUT_06_R103,
Old_CG,OUT,6,OUT_06,4,104,OUT_06_R104,23
Old_CG,OUT,7,OUT_07,1,101,OUT_07_R101,
Old_CG,OUT,7,OUT_07,2,102,OUT_07_R102,
Old_CG,OUT,7,OUT_07,3,103,OUT_07_R103,
Old_CG,OUT,7,OUT_07,4,104,OUT_07_R104,37
Old_CG,OUT,8,OUT_08,1,101,OUT_08_R101,
Old_CG,OUT,8,OUT_08,2,102,OUT_08_R102,
Old_CG,OUT,8,OUT_08,3,103,OUT_08_R103,
Old_CG,OUT,8,OUT_08,4,104,OUT_08_R104,12
Old_CG,OUT,9,OUT_09,1,101,OUT_09_R101,
Old_CG,OUT,9,OUT_09,2,102,OUT_09_R102,
Old_CG,OUT,9,OUT_09,3,103,OUT_09_R103,
Old_CG,OUT,9,OUT_09,4,104,OUT_09_R104,17
Old_CG,OUT,10,OUT_10,1,101,OUT_10_R101,
Old_CG,OUT,10,OUT_10,2,102,OUT_10_R102,9
Old_CG,OUT,10,OUT_10,3,103,OUT_10_R103,
Old_CG,OUT,10,OUT_10,4,104,OUT_10_R104,14
Old_CG,OUT,11,OUT_11,1,101,OUT_11_R101,19
Old_CG,OUT,11,OUT_11,2,102,OUT_11_R102,
Old_CG,OUT,11,OUT_11,3,103,OUT_11_R103,
Old_CG,OUT,11,OUT_11,4,104,OUT_11_R104,16
Old_CG,OUT,12,OUT_12,1,101,OUT_12_R101,
Old_CG,OUT,12,OUT_12,2,102,OUT_12_R102,19
Old_CG,OUT,12,OUT_12,3,103,OUT_12_R103,
Old_CG,OUT,12,OUT_12,4,104,OUT_12_R104,32
Old_CG,OUT,13,OUT_13,1,101,OUT_13_R101,14
Old_CG,OUT,13,OUT_13,2,102,OUT_13_R102,
Old_CG,OUT,13,OUT_13,3,103,OUT_13_R103,
Old_CG,OUT,13,OUT_13,4,104,OUT_13_R104,
Old_CG,OUT,14,OUT_14,1,101,OUT_14_R101,
Old_CG,OUT,14,OUT_14,2,102,OUT_14_R102,23
Old_CG,OUT,14,OUT_14,3,103,OUT_14_R103,
Old_CG,OUT,14,OUT_14,4,104,OUT_14_R104,10
Old_CG,OUT,15,OUT_15,1,101,OUT_15_R101,20
Old_CG,OUT,15,OUT_15,2,102,OUT_15_R102,20
Old_CG,OUT,15,OUT_15,3,103,OUT_15_R103,13
Old_CG,OUT,15,OUT_15,4,104,OUT_15_R104,14
Old_CG,TUR,1,TUR_01,1,101,TUR_01_R101,
Old_CG,TUR,1,TUR_01,2,102,TUR_01_R102,
Old_CG,TUR,1,TUR_01,3,103,TUR_01_R103,
Old_CG,TUR,1,TUR_01,4,104,TUR_01_R104,22
Old_CG,TUR,2,TUR_02,1,101,TUR_02_R101,
Old_CG,TUR,2,TUR_02,2,102,TUR_02_R102,21
Old_CG,TUR,2,TUR_02,3,103,TUR_02_R103,14
Old_CG,TUR,2,TUR_02,4,104,TUR_02_R104,
Old_CG,TUR,3,TUR_03,1,101,TUR_03_R101,26
Old_CG,TUR,3,TUR_03,2,102,TUR_03_R102,
Old_CG,TUR,3,TUR_03,3,103,TUR_03_R103,17
Old_CG,TUR,3,TUR_03,4,104,TUR_03_R104,7
Old_CG,TUR,4,TUR_04,1,101,TUR_04_R101,8
Old_CG,TUR,4,TUR_04,2,102,TUR_04_R102,12
Old_CG,TUR,4,TUR_04,3,103,TUR_04_R103,13
Old_CG,TUR,4,TUR_04,4,104,TUR_04_R104,
Old_CG,TUR,5,TUR_05,1,101,TUR_05_R101,13
Old_CG,TUR,5,TUR_05,2,102,TUR_05_R102,12
Old_CG,TUR,5,TUR_05,3,103,TUR_05_R103,
Old_CG,TUR,5,TUR_05,4,104,TUR_05_R104,
Old_CG,TUR,6,TUR_06,1,101,TUR_06_R101,13
Old_CG,TUR,6,TUR_06,2,102,TUR_06_R102,16
Old_CG,TUR,6,TUR_06,3,103,TUR_06_R103,
Old_CG,TUR,6,TUR_06,4,104,TUR_06_R104,
Old_CG,TUR,7,TUR_07,1,101,TUR_07_R101,
Old_CG,TUR,7,TUR_07,2,102,TUR_07_R102,
Old_CG,TUR,7,TUR_07,3,103,TUR_07_R103,19
Old_CG,TUR,7,TUR_07,4,104,TUR_07_R104,
Old_CG,TUR,8,TUR_08,1,101,TUR_08_R101,
Old_CG,TUR,8,TUR_08,2,102,TUR_08_R102,22
Old_CG,TUR,8,TUR_08,3,103,TUR_08_R103,
Old_CG,TUR,8,TUR_08,4,104,TUR_08_R104,
Old_CG,TUR,9,TUR_09,1,101,TUR_09_R101,8
Old_CG,TUR,9,TUR_09,2,102,TUR_09_R102,9
Old_CG,TUR,9,TUR_09,3,103,TUR_09_R103,13
Old_CG,TUR,9,TUR_09,4,104,TUR_09_R104,12
Old_CG,TUR,10,TUR_10,1,101,TUR_10_R101,
Old_CG,TUR,10,TUR_10,2,102,TUR_10_R102,17
Old_CG,TUR,10,TUR_10,3,103,TUR_10_R103,
Old_CG,TUR,10,TUR_10,4,104,TUR_10_R104,
Old_CG,TUR,11,TUR_11,1,101,TUR_11_R101,34
Old_CG,TUR,11,TUR_11,2,102,TUR_11_R102,
Old_CG,TUR,11,TUR_11,3,103,TUR_11_R103,
Old_CG,TUR,11,TUR_11,4,104,TUR_11_R104,
Old_CG,TUR,12,TUR_12,1,101,TUR_12_R101,
Old_CG,TUR,12,TUR_12,2,102,TUR_12_R102,
Old_CG,TUR,12,TUR_12,3,103,TUR_12_R103,
Old_CG,TUR,12,TUR_12,4,104,TUR_12_R104,24
Old_CG,TUR,13,TUR_13,1,101,TUR_13_R101,16
Old_CG,TUR,13,TUR_13,2,102,TUR_13_R102,27
Old_CG,TUR,13,TUR_13,3,103,TUR_13_R103,14
Old_CG,TUR,13,TUR_13,4,104,TUR_13_R104,
Old_CG,TUR,14,TUR_14,1,101,TUR_14_R101,
Old_CG,TUR,14,TUR_14,2,102,TUR_14_R102,
Old_CG,TUR,14,TUR_14,3,103,TUR_14_R103,
Old_CG,TUR,14,TUR_14,4,104,TUR_14_R104,
Old_CG,TUR,15,TUR_15,1,101,TUR_15_R101,15
Old_CG,TUR,15,TUR_15,2,102,TUR_15_R102,
Old_CG,TUR,15,TUR_15,3,103,TUR_15_R103,23
Old_CG,TUR,15,TUR_15,4,104,TUR_15_R104,11
Old_CG,UMI,1,UMI_01,1,101,UMI_01_R101,
Old_CG,UMI,1,UMI_01,2,102,UMI_01_R102,
Old_CG,UMI,1,UMI_01,3,103,UMI_01_R103,
Old_CG,UMI,1,UMI_01,4,104,UMI_01_R104,
Old_CG,UMI,2,UMI_02,1,101,UMI_02_R101,
Old_CG,UMI,2,UMI_02,2,102,UMI_02_R102,
Old_CG,UMI,2,UMI_02,3,103,UMI_02_R103,
Old_CG,UMI,2,UMI_02,4,104,UMI_02_R104,
Old_CG,UMI,3,UMI_03,1,101,UMI_03_R101,7
Old_CG,UMI,3,UMI_03,2,102,UMI_03_R102,
Old_CG,UMI,3,UMI_03,3,103,UMI_03_R103,
Old_CG,UMI,3,UMI_03,4,104,UMI_03_R104,
Old_CG,UMI,4,UMI_04,1,101,UMI_04_R101,8
Old_CG,UMI,4,UMI_04,2,102,UMI_04_R102,
Old_CG,UMI,4,UMI_04,3,103,UMI_04_R103,
Old_CG,UMI,4,UMI_04,4,104,UMI_04_R104,
Old_CG,UMI,5,UMI_05,1,101,UMI_05_R101,
Old_CG,UMI,5,UMI_05,2,102,UMI_05_R102,13
Old_CG,UMI,5,UMI_05,3,103,UMI_05_R103,
Old_CG,UMI,5,UMI_05,4,104,UMI_05_R104,
Old_CG,UMI,6,UMI_06,1,101,UMI_06_R101,
Old_CG,UMI,6,UMI_06,2,102,UMI_06_R102,
Old_CG,UMI,6,UMI_06,3,103,UMI_06_R103,
Old_CG,UMI,6,UMI_06,4,104,UMI_06_R104,
Old_CG,UMI,7,UMI_07,1,101,UMI_07_R101,
Old_CG,UMI,7,UMI_07,2,102,UMI_07_R102,7
Old_CG,UMI,7,UMI_07,3,103,UMI_07_R103,
Old_CG,UMI,7,UMI_07,4,104,UMI_07_R104,
Old_CG,UMI,8,UMI_08,1,101,UMI_08_R101,
Old_CG,UMI,8,UMI_08,2,102,UMI_08_R102,
Old_CG,UMI,8,UMI_08,3,103,UMI_08_R103,
Old_CG,UMI,8,UMI_08,4,104,UMI_08_R104,
Old_CG,UMI,9,UMI_09,1,101,UMI_09_R101,
Old_CG,UMI,9,UMI_09,2,102,UMI_09_R102,
Old_CG,UMI,9,UMI_09,3,103,UMI_09_R103,
Old_CG,UMI,9,UMI_09,4,104,UMI_09_R104,
Old_CG,UMI,10,UMI_10,1,101,UMI_10_R101,6
Old_CG,UMI,10,UMI_10,2,102,UMI_10_R102,
Old_CG,UMI,10,UMI_10,3,103,UMI_10_R103,
Old_CG,UMI,10,UMI_10,4,104,UMI_10_R104,
Old_CG,UMI,11,UMI_11,1,101,UMI_11_R101,
Old_CG,UMI,11,UMI_11,2,102,UMI_11_R102,
Old_CG,UMI,11,UMI_11,3,103,UMI_11_R103,
Old_CG,UMI,11,UMI_11,4,104,UMI_11_R104,
Old_CG,UMI,12,UMI_12,1,101,UMI_12_R101,
Old_CG,UMI,12,UMI_12,2,102,UMI_12_R102,
Old_CG,UMI,12,UMI_12,3,103,UMI_12_R103,
Old_CG,UMI,12,UMI_12,4,104,UMI_12_R104,
Old_CG,UMI,13,UMI_13,1,101,UMI_13_R101,
Old_CG,UMI,13,UMI_13,2,102,UMI_13_R102,
Old_CG,UMI,13,UMI_13,3,103,UMI_13_R103,
Old_CG,UMI,13,UMI_13,4,104,UMI_13_R104,
Old_CG,UMI,14,UMI_14,1,101,UMI_14_R101,
Old_CG,UMI,14,UMI_14,2,102,UMI_14_R102,
Old_CG,UMI,14,UMI_14,3,103,UMI_14_R103,
Old_CG,UMI,14,UMI_14,4,104,UMI_14_R104,
Old_CG,UMI,15,UMI_15,1,101,UMI_15_R101,
Old_CG,UMI,15,UMI_15,2,102,UMI_15_R102,
Old_CG,UMI,15,UMI_15,3,103,UMI_15_R103,
Old_CG,UMI,15,UMI_15,4,104,UMI_15_R104,
P1,KEN,1,KEN_01,1,101,KEN_01_R101,41
P1,KEN,1,KEN_01,1,101,KEN_01_R101,88
P1,KEN,10,KEN_10,1,101,KEN_10_R101,39
P1,KEN,12,KEN_12,1,101,KEN_12_R101,61
P1,KEN,13,KEN_13,1,101,KEN_13_R101,69
P1,KEN,14,KEN_14,1,101,KEN_14_R101,51
P1,KEN,15,KEN_15,1,101,KEN_15_R101,88
P1,KEN,2,KEN_02,1,101,KEN_02_R101,90
P1,KEN,3,KEN_03,1,101,KEN_03_R101,62
P1,KEN,4,KEN_04,1,101,KEN_04_R101,
P1,KEN,5,KEN_05,1,101,KEN_05_R101,56
P1,KEN,6,KEN_06,1,101,KEN_06_R101,
P1,KEN,7,KEN_07,1,101,KEN_07_R101,71
P1,KEN,8,KEN_08,1,101,KEN_08_R101,73
P1,KEN,9,KEN_09,1,101,KEN_09_R101,
P1,LLC,1,LLC_01,1,101,LLC_01_R101,69
P1,LLC,10,LLC_10,1,101,LLC_10_R101,20
P1,LLC,11,LLC_11,1,101,LLC_11_R101,77
P1,LLC,12,LLC_12,1,101,LLC_12_R101,72
P1,LLC,13,LLC_13,1,101,LLC_13_R101,
P1,LLC,14,LLC_14,1,101,LLC_14_R101,
P1,LLC,15,LLC_15,1,101,LLC_15_R101,59
P1,LLC,2,LLC_02,1,101,LLC_02_R101,
P1,LLC,3,LLC_03,1,101,LLC_03_R101,110
P1,LLC,4,LLC_04,1,101,LLC_04_R101,
P1,LLC,5,LLC_05,1,101,LLC_05_R101,81
P1,LLC,6,LLC_06,1,101,LLC_06_R101,
P1,LLC,7,LLC_07,1,101,LLC_07_R101,106
P1,LLC,8,LLC_08,1,101,LLC_08_R101,93
P1,LLC,9,LLC_09,1,101,LLC_09_R101,
P1,TBY,1,TBY_01,1,101,TBY_01_R101,63
P1,TBY,10,TBY_10,1,101,TBY_10_R101,90
P1,TBY,11,TBY_11,1,101,TBY_11_R101,68
P1,TBY,12,TBY_12,1,101,TBY_12_R101,53
P1,TBY,13,TBY_13,1,101,TBY_13_R101,39
P1,TBY,14,TBY_14,1,101,TBY_14_R101,44
P1,TBY,15,TBY_15,1,101,TBY_15_R101,51
P1,TBY,2,TBY_02,1,101,TBY_02_R101,58
P1,TBY,3,TBY_03,1,101,TBY_03_R101,82
P1,TBY,4,TBY_04,1,101,TBY_04_R101,74
P1,TBY,5,TBY_05,1,101,TBY_05_R101,
P1,TBY,6,TBY_06,1,101,TBY_06_R101,
P1,TBY,7,TBY_07,1,101,TBY_07_R101,
P1,TBY,8,TBY_08,1,101,TBY_08_R101,71
P1,TBY,9,TBY_09,1,101,TBY_09_R101,86
S2,KEN,1,KEN_01,3,103,KEN_01_R103,84
S2,KEN,10,KEN_10,3,103,KEN_10_R103,88
S2,KEN,11,KEN_11,3,103,KEN_11_R103,92
S2,KEN,12,KEN_12,3,103,KEN_12_R103,45
S2,KEN,13,KEN_13,3,103,KEN_13_R103,102
S2,KEN,14,KEN_14,3,103,KEN_14_R103,78
S2,KEN,15,KEN_15,3,103,KEN_15_R103,69
S2,KEN,2,KEN_02,3,103,KEN_02_R103,87
S2,KEN,3,KEN_03,3,103,KEN_03_R103,89
S2,KEN,4,KEN_04,3,103,KEN_04_R103,
S2,KEN,5,KEN_05,3,103,KEN_05_R103,
S2,KEN,6,KEN_06,3,103,KEN_06_R103,67
S2,KEN,7,KEN_07,3,103,KEN_07_R103,67
S2,KEN,8,KEN_08,3,103,KEN_08_R103,76
S2,KEN,9,KEN_09,3,103,KEN_09_R103,
S2,KEN,1,KEN_01,2,102,KEN_01_R102,56
S2,KEN,10,KEN_10,2,102,KEN_10_R102,
S2,KEN,11,KEN_11,2,102,KEN_11_R102,
S2,KEN,12,KEN_12,2,102,KEN_12_R102,64
S2,KEN,13,KEN_13,2,102,KEN_13_R102,79
S2,KEN,14,KEN_14,2,102,KEN_14_R102,66
S2,KEN,15,KEN_15,2,102,KEN_15_R102,74
S2,KEN,2,KEN_02,2,102,KEN_02_R102,12
S2,KEN,3,KEN_03,2,102,KEN_03_R102,61
S2,KEN,4,KEN_04,2,102,KEN_04_R102,
S2,KEN,5,KEN_05,2,102,KEN_05_R102,32
S2,KEN,6,KEN_06,2,102,KEN_06_R102,64
S2,KEN,7,KEN_07,2,102,KEN_07_R102,85
S2,KEN,8,KEN_08,2,102,KEN_08_R102,91
S2,KEN,9,KEN_09,2,102,KEN_09_R102,67
S2,LLC,8,LLC_08,3,103,LLC_08_R103,65
S2,LLC,1,LLC_01,3,103,LLC_01_R103,
S2,LLC,10,LLC_10,3,103,LLC_10_R103,
S2,LLC,11,LLC_11,3,103,LLC_11_R103,
S2,LLC,12,LLC_12,3,103,LLC_12_R103,
S2,LLC,13,LLC_13,3,103,LLC_13_R103,76
S2,LLC,14,LLC_14,3,103,LLC_14_R103,49
S2,LLC,15,LLC_15,3,103,LLC_15_R103,25
S2,LLC,2,LLC_02,3,103,LLC_02_R103,42
S2,LLC,3,LLC_03,3,103,LLC_03_R103,
S2,LLC,4,LLC_04,3,103,LLC_04_R103,
S2,LLC,5,LLC_05,3,103,LLC_05_R103,43
S2,LLC,6,LLC_06,3,103,LLC_06_R103,87
S2,LLC,7,LLC_07,3,103,LLC_07_R103,58
S2,LLC,9,LLC_09,3,103,LLC_09_R103,73
S2,LLC,1,LLC_01,2,102,LLC_01_R102,54
S2,LLC,10,LLC_10,2,102,LLC_10_R102,
S2,LLC,11,LLC_11,2,102,LLC_11_R102,43
S2,LLC,12,LLC_12,2,102,LLC_12_R102,91
S2,LLC,13,LLC_13,2,102,LLC_13_R102,34
S2,LLC,14,LLC_14,2,102,LLC_14_R102,
S2,LLC,15,LLC_15,2,102,LLC_15_R102,55
S2,LLC,2,LLC_02,2,102,LLC_02_R102,
S2,LLC,3,LLC_03,2,102,LLC_03_R102,
S2,LLC,4,LLC_04,2,102,LLC_04_R102,55
S2,LLC,5,LLC_05,2,102,LLC_05_R102,100
S2,LLC,6,LLC_06,2,102,LLC_06_R102,
S2,LLC,7,LLC_07,2,102,LLC_07_R102,
S2,LLC,8,LLC_08,2,102,LLC_08_R102,48
S2,LLC,9,LLC_09,2,102,LLC_09_R102,
S2,TBY,1,TBY_01,3,103,TBY_01_R103,80
S2,TBY,10,TBY_10,3,103,TBY_10_R103,66
S2,TBY,11,TBY_11,3,103,TBY_11_R103,61
S2,TBY,12,TBY_12,3,103,TBY_12_R103,76
S2,TBY,13,TBY_13,3,103,TBY_13_R103,16
S2,TBY,14,TBY_14,3,103,TBY_14_R103,67
S2,TBY,15,TBY_15,3,103,TBY_15_R103,61
S2,TBY,2,TBY_02,3,103,TBY_02_R103,59
S2,TBY,3,TBY_03,3,103,TBY_03_R103,92
S2,TBY,4,TBY_04,3,103,TBY_04_R103,82
S2,TBY,5,TBY_05,3,103,TBY_05_R103,
S2,TBY,6,TBY_06,3,103,TBY_06_R103,
S2,TBY,7,TBY_07,3,103,TBY_07_R103,92
S2,TBY,8,TBY_08,3,103,TBY_08_R103,56
S2,TBY,9,TBY_09,3,103,TBY_09_R103,
S2,TBY,1,TBY_01,2,102,TBY_01_R102,6
S2,TBY,10,TBY_10,2,102,TBY_10_R102,97
S2,TBY,11,TBY_11,2,102,TBY_11_R102,67
S2,TBY,12,TBY_12,2,102,TBY_12_R102,92
S2,TBY,13,TBY_13,2,102,TBY_13_R102,58
S2,TBY,14,TBY_14,2,102,TBY_14_R102,93
S2,TBY,15,TBY_15,2,102,TBY_15_R102,45
S2,TBY,2,TBY_02,2,102,TBY_02_R102,
S2,TBY,3,TBY_03,2,102,TBY_03_R102,87
S2,TBY,4,TBY_04,2,102,TBY_04_R102,81
S2,TBY,5,TBY_05,2,102,TBY_05_R102,61
S2,TBY,6,TBY_06,2,102,TBY_06_R102,
S2,TBY,7,TBY_07,2,102,TBY_07_R102,73
S2,TBY,8,TBY_08,2,102,TBY_08_R102,
S2,TBY,9,TBY_09,2,102,TBY_09_R102,72